發生時間,發生地點,死亡受傷人數,車種,經度,緯度,unixtime
"2021-01-01 04:49:00",屏東縣萬巒鄉鹿寮村三多路1-8號前0.0公尺附近,死亡1;受傷0,普通重型-機車;自用-小貨車(含客、貨兩用),120.560111,22.567105,1609447740
"2021-01-01 04:57:00",臺中市霧峰區西柳橋頭,死亡1;受傷0,營業用-半聯結車;普通重型-機車,120.680001,24.070698,1609448220
"2021-01-01 07:30:00","南投縣仁愛鄉台8線 111公里100.0公尺處北側向外側",死亡1;受傷0,普通重型-機車;自用-小貨車(含客、貨兩用),121.303376,24.191833,1609457400
"2021-01-01 09:00:00","臺中市梧棲區福德里港埠路二段 / 臺中市梧棲區福德里中興路",死亡1;受傷0,腳踏自行車-慢車;自用-小客車,120.536745,24.252353,1609462800
"2021-01-01 13:32:00",新北市新莊區新北市新莊區中正路1號與中正路,死亡1;受傷1,自用-小客車;大型重型2(250-550C.C.)-機車;乘客-人,121.465555,25.041909,1609479120
"2021-01-01 15:40:00",雲林縣大埤鄉157線330464號燈處,死亡1;受傷0,自用-小貨車(含客、貨兩用);普通重型-機車,120.416580,23.634047,1609486800
"2021-01-01 16:04:00","臺南市玉井區台20線 28公里800.0公尺處西側向外側",死亡2;受傷2,自用-小客車;乘客-人;乘客-人;乘客-人,120.423783,23.071161,1609488240
"2021-01-01 19:43:00",苗栗縣南庄鄉台三線98.8公里處,死亡1;受傷0,行人-人;營業用-小貨車(含客、貨兩用),120.957925,24.600989,1609501380
"2021-01-02 09:42:00",臺中市龍井區竹坑里中華路1段前0.0公尺,死亡1;受傷0,普通重型-機車;民營公車-大客車,120.543028,24.171578,1609551720
"2021-01-02 09:58:00",嘉義縣布袋鎮東港里172線與村里道路路口,死亡1;受傷0,普通重型-機車;自用-大貨車,120.186905,23.373336,1609552680
"2021-01-02 20:58:30","宜蘭縣冬山鄉鹿埔路東側 / 宜蘭縣冬山鄉鹿梅路東側",死亡1;受傷0,普通重型-機車,121.745872,24.656693,1609592310
"2021-01-02 21:28:00",宜蘭縣三星鄉上將路2段190號附近,死亡1;受傷0,自用-小客車;行人-人,121.733743,24.696659,1609594080
"2021-01-03 04:27:15",南投縣埔里鎮中正路129-10號,死亡1;受傷2,自用-小客車;普通重型-機車;普通重型-機車;普通重型-機車,120.978169,23.946037,1609619235
"2021-01-03 23:13:00",新北市五股區新北市五股區中興路3段與新五路2段,死亡1;受傷1,自用-小客車;普通重型-機車;乘客-人,121.441968,25.081495,1609686780
"2021-01-04 10:00:00",桃園市龍潭區龍新路三和段1689巷1號前0.0公尺,死亡1;受傷0,普通重型-機車;自用-小客車,121.162304,24.845509,1609725600
"2021-01-04 11:38:00",新北市淡水區新北市淡水區中正東路1段105巷與中正東路1段,死亡1;受傷0,自用-小客車;普通重型-機車,121.453435,25.161918,1609731480
"2021-01-04 11:44:00","臺中市大里區永隆里東榮路 / 臺中市大里區永隆里永隆路",死亡1;受傷0,自用-小貨車(含客、貨兩用);普通重型-機車,120.676629,24.109353,1609731840
"2021-01-04 15:22:32",屏東縣竹田鄉龍門路242號前0.0公尺附近,死亡1;受傷0,普通重型-機車,120.523701,22.625022,1609744952
"2021-01-04 21:04:00",臺北市士林區大東路90-2號前0.0公尺,死亡1;受傷1,普通重型-機車;行人-人,121.525558,25.091478,1609765440
"2021-01-04 23:27:00","彰化縣花壇鄉崙雅村花秀路 / 彰化縣花壇鄉崙雅村花秀路",死亡1;受傷0,普通重型-機車,120.525469,24.032475,1609774020
"2021-01-05 00:13:00",宜蘭縣五結鄉噶瑪蘭橋018號路燈附近,死亡1;受傷1,租賃車-小客車;營業用-曳引車,121.820238,24.712110,1609776780
"2021-01-05 05:17:00",新北市板橋區新北市板橋區篤行路3段與玉平巷76弄,死亡1;受傷1,行人-人;普通重型-機車,121.427843,24.985126,1609795020
"2021-01-05 06:42:58",臺南市善化區南科七路與三抱竹路路口,死亡1;受傷1,普通重型-機車;普通重型-機車,120.268809,23.107662,1609800178
"2021-01-05 07:25:00","臺東縣卑南鄉太平路口 / 臺東縣卑南鄉太平路口",死亡1;受傷1,普通重型-機車;行人-人,121.081728,22.786144,1609802700
"2021-01-05 11:10:00",嘉義縣溪口鄉游東村游厝庄嘉176線0.5公里處(電桿興安19南10A),死亡1;受傷0,自用-大貨車;普通重型-機車,120.396445,23.624008,1609816200
"2021-01-05 15:20:00","高雄市彌陀區樂安路 / 高雄市彌陀區樂安路廟巷段",死亡1;受傷1,腳踏自行車-慢車;普通重型-機車,120.243525,22.767126,1609831200
"2021-01-06 02:10:00","桃園市八德區福德一路附近 / 桃園市八德區和成路附近",死亡1;受傷0,行人-人;營業用-小貨車(含客、貨兩用),121.322960,24.960730,1609870200
"2021-01-06 02:32:00","苗栗縣通霄鎮台1線 124公里500.0公尺處南側",死亡1;受傷1,普通重型-機車;乘客-人,120.710727,24.565747,1609871520
"2021-01-06 12:47:00","宜蘭縣羅東鎮仁愛路3段口 / 宜蘭縣羅東鎮復興路3段口",死亡1;受傷0,自用-小客車;普通重型-機車,121.762810,24.699133,1609908420
"2021-01-06 16:51:00",臺中市梧棲區橋柱P353前,死亡1;受傷1,普通重型-機車;自用-小客車,120.526622,24.227253,1609923060
"2021-01-06 17:35:00",臺中市沙鹿區沙鹿交流道機車道(匝道旁),死亡1;受傷1,普通重型-機車;乘客-人,120.592521,24.250328,1609925700
"2021-01-06 19:14:00","臺中市北屯區陳平里中平路 / 臺中市北屯區陳平里敦化路二段",死亡1;受傷1,普通重型-機車;普通重型-機車,120.663479,24.185442,1609931640
"2021-01-06 21:50:00",屏東縣竹田鄉光明路4之5號,死亡1;受傷0,普通重型-機車,120.529530,22.620011,1609941000
"2021-01-07 00:44:00","臺北市中山區復興北路 / 臺北市中山區民生東路3段",死亡1;受傷0,自用-小客車;行人-人,121.544018,25.057853,1609951440
"2021-01-07 04:08:00",臺南市東區東門路2段411號,死亡1;受傷0,普通重型-機車,120.229231,22.981324,1609963680
"2021-01-07 15:44:00",彰化縣員林市東北里山腳路6段337號前0.0公尺前,死亡1;受傷0,普通重型-機車;營業用-曳引車,120.591547,23.979805,1610005440
"2021-01-08 04:53:00",屏東縣屏東市建國路382-2號前0.0公尺附近,死亡1;受傷0,行人-人;自用-小客車,120.467524,22.658249,1610052780
"2021-01-08 10:45:00",新北市泰山區新北市泰山區民權街31號與民權街,死亡1;受傷0,營業用-小貨車(含客、貨兩用);行人-人,121.428966,25.050740,1610073900
"2021-01-08 13:03:00",彰化縣大村鄉村上村中正東路153-1號前0.0公尺西側,死亡1;受傷0,普通重型-機車;自用-小客車,120.568079,23.989428,1610082180
"2021-01-08 15:29:00",臺南市仁德區太子里太子路與土庫路口,死亡1;受傷1,自用-小客車;大型重型2(250-550C.C.)-機車,120.257223,22.991556,1610090940
"2021-01-08 16:19:00",高雄市林園區中門路333號前0.0公尺前,死亡1;受傷0,普通重型-機車,120.366022,22.508725,1610093940
"2021-01-08 17:38:00",高雄市梓官區公館路石潭橋號前0.0公尺,死亡1;受傷0,普通重型-機車;農耕用車(或機械)-其他車,120.273947,22.771166,1610098680
"2021-01-08 17:56:56",屏東縣萬丹鄉水仙村大仁路199巷與大仁路(往西10公尺處),死亡1;受傷0,普通重型-機車;自用-大貨車,120.486166,22.549821,1610099816
"2021-01-09 04:53:00","臺南市中西區民生路2段西側 / 臺南市中西區康樂街南側",死亡1;受傷0,計程車-小客車;普通重型-機車,120.195274,22.995693,1610139180
"2021-01-09 12:14:22",臺南市東山區聖賢里區道南314線北勢寮91之2號前0.0公尺西側,死亡1;受傷0,自用-小客車,120.361292,23.309723,1610165662
"2021-01-09 14:29:00",彰化縣彰化市下廍里自強路352號前0.0公尺前,死亡1;受傷1,自用-小客車;普通重型-機車;普通重型-機車;自用-小客車;自用-小客車;自用-小客車,120.547814,24.091097,1610173740
"2021-01-09 15:45:00",臺南市新營區嘉芳里新運五路(近新運二路口),死亡1;受傷0,普通重型-機車,120.281829,23.310689,1610178300
"2021-01-10 03:15:05","苗栗縣銅鑼鄉國道1號 138公里700.0公尺處北側向外側",死亡1;受傷0,營業用-大貨車;自用-小客車;自用-小客車,120.782498,24.483412,1610219705
"2021-01-10 06:00:00",彰化縣社頭鄉橋頭村員集路3段263號前0.0公尺前,死亡1;受傷0,自用-小客車;行人-人,120.581711,23.912492,1610229600
"2021-01-10 10:05:00",彰化縣和美鎮月眉里和港路307號前0.0公尺,死亡1;受傷0,大型重型1(550C.C.以上)-機車,120.490688,24.127287,1610244300
"2021-01-10 11:13:00","臺中市大甲區德化里東西五路一段 / 臺中市大甲區德化里南北三路",死亡1;受傷0,自用-小客車;電動自行車-慢車,120.626766,24.374901,1610248380
"2021-01-10 18:21:00",臺中市大里區西湖里草堤路229號前0.0公尺,死亡1;受傷0,自用-小客車,120.672991,24.081261,1610274060
"2021-01-10 20:39:00",彰化縣福興鄉外中村番花路1段前0.0公尺,死亡1;受傷1,自用-小客車;普通重型-機車,120.480364,24.017853,1610282340
"2021-01-11 02:44:00",苗栗縣南庄鄉苗124乙線4.3公里處,死亡1;受傷0,自用-小客車;行人-人,120.999098,24.634867,1610304240
"2021-01-11 06:14:00",臺中市北屯區平和里文心路四段123號前0.0公尺,死亡1;受傷1,普通重型-機車;普通重型-機車;自用-小客車;自用-小客車,120.675193,24.173921,1610316840
"2021-01-11 12:40:36","宜蘭縣三星鄉台7甲線 6公里100.0公尺處東側向內側",死亡1;受傷2,自用-小貨車(含客、貨兩用);營業用-大貨車;乘客-人,121.507641,24.592609,1610340036
"2021-01-11 15:40:00","高雄市田寮區西德路 / 高雄市田寮區西德路",死亡1;受傷1,自用-小貨車(含客、貨兩用);自用-小客車,120.385789,22.880606,1610350800
"2021-01-11 18:57:00",高雄市大社區和平路1段118號前0.0公尺,死亡1;受傷0,普通重型-機車;營業用-曳引車,120.301520,22.627160,1610362620
"2021-01-12 08:45:00",臺東縣卑南鄉明峰村牧場60號,死亡1;受傷0,普通重型-機車,121.112814,22.867121,1610412300
"2021-01-12 16:41:53","花蓮縣鳳林鎮花東公路口 / 花蓮縣鳳林鎮長橋路口",死亡1;受傷0,腳踏自行車-慢車;自用-小客車;乘客-人,121.419328,23.707251,1610440913
"2021-01-12 18:05:00",屏東縣恆春鎮恆春鎮恆東路與恆南路4巷路口,死亡1;受傷0,普通重型-機車;民營客運-大客車,120.750790,22.004285,1610445900
"2021-01-12 19:58:00",臺中市西屯區上安里上安路86號前0.0公尺,死亡1;受傷1,普通重型-機車;行人-人,120.640339,24.170972,1610452680
"2021-01-12 22:35:48","臺中市神岡區國道1號 168公里600.0公尺處北側向減速車道",死亡1;受傷3,自用-小客車;乘客-人;乘客-人;乘客-人,120.689807,24.244319,1610462148
"2021-01-12 22:37:12","臺南市歸仁區八甲里文化街一段口 / 臺南市歸仁區八甲里大仁街",死亡1;受傷0,自用-小客車,120.300670,22.971547,1610462232
"2021-01-13 05:35:00","臺北市萬華區東園街 / 臺北市萬華區東園街",死亡1;受傷1,普通重型-機車;行人-人,121.497925,25.022701,1610487300
"2021-01-13 09:43:00","臺中市大肚區頂街里自由路 / 臺中市大肚區頂街里華山路",死亡1;受傷0,普通重型-機車;自用-小客車,120.547745,24.155704,1610502180
"2021-01-13 11:00:00",雲林縣西螺鎮河南里社口路埔心17號電桿處,死亡1;受傷0,普通重型-機車;自用-小客車,120.442779,23.792713,1610506800
"2021-01-13 11:13:37","新竹縣芎林鄉富林路口 / 新竹縣芎林鄉竹林路口",死亡1;受傷0,自用-大貨車;普通重型-機車,121.096835,24.750009,1610507617
"2021-01-13 16:01:00","高雄市鳥松區中正路 / 高雄市鳥松區大同路",死亡1;受傷1,營業用-曳引車;普通重型-機車;乘客-人,120.371218,22.653973,1610524860
"2021-01-13 17:07:00",高雄市湖內區中山路2段154號前0.0公尺前,死亡1;受傷1,腳踏自行車-慢車;普通重型-機車,120.228300,22.907570,1610528820
"2021-01-14 05:06:15","臺南市下營區後街里中正北路北側 / 臺南市下營區後街里人和二街西側",死亡1;受傷1,普通重型-機車;腳踏自行車-慢車;自用-小客車,120.261664,23.237488,1610571975
"2021-01-14 06:06:00",桃園市楊梅區高上里高上路1段67之1號前0.0公尺,死亡1;受傷0,自用-小貨車(含客、貨兩用);行人-人,121.162883,24.937458,1610575560
"2021-01-14 07:34:00",臺中市大甲區龍泉里中山路二段930-1號前0.0公尺,死亡1;受傷0,普通重型-機車;自用-小客車,120.641973,24.401343,1610580840
"2021-01-14 08:20:00",臺中市大肚區王田里沙田路1段108號前0.0公尺,死亡1;受傷0,普通重型-機車;自用-小客車;營業用-半聯結車,120.576768,24.118855,1610583600
"2021-01-14 09:59:00","臺東縣卑南鄉和平路東側 / 臺東縣卑南鄉和平路北側",死亡1;受傷0,普通重型-機車;自用-大貨車,121.091829,22.787285,1610589540
"2021-01-14 15:05:46",花蓮縣秀林鄉和平村和平路83之1號前0.0公尺,死亡1;受傷0,自用-小客車;行人-人,121.747784,24.308947,1610607946
"2021-01-14 16:39:10",新竹縣尖石鄉嘉樂村3鄰嘉樂路179-6號前0.0公尺附近,死亡1;受傷0,自用-小客車;營業用-大貨車,121.211806,24.705057,1610613550
"2021-01-14 16:43:00",臺中市東區近東英六街,死亡1;受傷0,普通重型-機車,120.710303,24.139932,1610613780
"2021-01-14 17:55:00","臺南市善化區南關里三民路口 / 臺南市善化區南關里永安路口",死亡1;受傷0,自用-小客車;腳踏自行車-慢車,120.287805,23.129519,1610618100
"2021-01-14 19:45:00",新北市板橋區新北市板橋區堤外機車專用道路與堤外機車專用道路(浮洲橫移門),死亡1;受傷2,普通重型-機車;行人-人;乘客-人,121.469820,25.036062,1610624700
"2021-01-15 04:05:00",臺南市歸仁區中正北路2段124號南側,死亡1;受傷0,普通重型-機車,120.293608,22.981622,1610654700
"2021-01-15 06:50:00","彰化縣伸港鄉溪底村濱海路 / 彰化縣伸港鄉溪底村工五路",死亡1;受傷0,普通重型-機車;自用-大貨車,120.514398,24.167575,1610664600
"2021-01-15 07:37:00",新北市中和區新北市中和區中正路64巷,死亡1;受傷0,普通重型-機車;民營公車-大客車,121.501224,24.993962,1610667420
"2021-01-15 08:40:00",新北市三峽區新北市三峽區介壽路3段115號,死亡1;受傷0,自用-小客車,121.399058,24.942261,1610671200
"2021-01-15 13:56:00",雲林縣褒忠鄉田洋村田洋80電桿前,死亡1;受傷0,普通重型-機車,120.309368,23.721012,1610690160
"2021-01-15 19:12:00",桃園市中壢區中山東路3段106號前0.0公尺附近,死亡1;受傷0,行人-人;營業用-大貨車,121.248138,24.944359,1610709120
"2021-01-15 20:15:00",新竹縣竹東鎮中興路一段270號前,死亡1;受傷2,普通重型-機車;普通重型-機車;乘客-人,121.069543,24.756867,1610712900
"2021-01-15 23:30:00","桃園市中壢區培英路口 / 桃園市中壢區育英路口",死亡1;受傷1,普通重型-機車;自用-小客車;乘客-人,121.224837,24.973751,1610724600
"2021-01-16 07:32:00",臺中市龍井區龍泉里沙田路5段315巷前0.0公尺,死亡1;受傷0,普通重型-機車;自用-大貨車,120.543621,24.202581,1610753520
"2021-01-16 08:53:27",桃園市大園區中山南路2段379號前0.0公尺,死亡1;受傷0,普通重型-機車,121.213342,25.026811,1610758407
"2021-01-16 10:30:48",雲林縣北港鎮樹腳里大同路(路燈編號112625前),死亡1;受傷0,普通重型-機車,120.276445,23.579726,1610764248
"2021-01-16 10:47:00","高雄市岡山區介壽西路前 / 高雄市岡山區通校路",死亡1;受傷0,營業用-大貨車;腳踏自行車-慢車,120.281357,22.784276,1610765220
"2021-01-16 13:48:00",桃園市新屋區聚賢路205號前0.0公尺,死亡1;受傷0,普通重型-機車,121.029669,24.994300,1610776080
"2021-01-16 14:06:00",宜蘭縣礁溪鄉玉龍路二段87號前,死亡1;受傷1,自用-小客車;租賃車-小客車,121.787872,24.802050,1610777160
"2021-01-16 16:23:00","高雄市岡山區嘉峰路 / 高雄市岡山區嘉峰路",死亡1;受傷0,自用-小貨車(含客、貨兩用);普通重型-機車,120.311936,22.827783,1610785380
"2021-01-16 23:23:00",新北市五股區新北市五股區中興路3段192號旁,死亡1;受傷0,普通重型-機車,121.443922,25.082755,1610810580
"2021-01-17 02:34:00",新北市板橋區新北市板橋區環河西路4段000720號燈桿,死亡1;受傷0,普通重型-機車,121.485541,25.022253,1610822040
"2021-01-17 06:23:00","高雄市鼓山區九如四路 / 高雄市鼓山區內惟路",死亡1;受傷0,普通輕型-機車;自用-小客車,120.283627,22.667691,1610835780
"2021-01-17 08:07:00",臺南市中西區健康路1段10號,死亡1;受傷0,自用-小客車;普通重型-機車,120.211739,22.981246,1610842020
"2021-01-17 10:44:25",新竹市香山區延平路二段45巷口,死亡1;受傷0,普通重型-機車;普通重型-機車;自用-小客車,120.942658,24.805041,1610851465
"2021-01-17 20:40:34",桃園市中壢區中觀路二段(井厝幹28之30電桿)旁,死亡1;受傷0,普通重型-機車,121.163246,24.981192,1610887234
"2021-01-18 16:11:00","臺南市安定區安加里區道南132線口 / 臺南市安定區安加里市道178線口",死亡1;受傷0,自用-大貨車;腳踏自行車-慢車,120.235299,23.115109,1610957460
"2021-01-18 20:44:00",屏東縣崁頂鄉平和南路與龍港路口,死亡1;受傷0,普通重型-機車;自用-小客車,120.474956,22.501589,1610973840
"2021-01-19 14:50:29",桃園市大園區聖德北路538號前0.0公尺,死亡1;受傷0,普通重型-機車;自用-大貨車,121.194297,25.039071,1611039029
"2021-01-20 05:47:00",新北市新莊區新北市新莊區福慧路與新知六路,死亡1;受傷0,營業用-小貨車(含客、貨兩用);大型重型2(250-550C.C.)-機車,121.458355,25.062229,1611092820
"2021-01-20 07:35:35",苗栗縣西湖鄉119線8.5公里處,死亡1;受傷1,自用-小客車;行人-人,120.750040,24.545616,1611099335
"2021-01-20 10:00:03",臺南市龍崎區182線往東22.7K附近,死亡1;受傷1,普通重型-機車;乘客-人,120.383248,22.948791,1611108003
"2021-01-20 10:20:00",宜蘭縣員山鄉八甲路12-1號前0.0公尺,死亡1;受傷0,普通輕型-機車,121.706298,24.723773,1611109200
"2021-01-20 11:08:00",桃園市新屋區東明路110號旁產業道路,死亡1;受傷0,普通重型-機車;自用-小貨車(含客、貨兩用),121.083728,24.975719,1611112080
"2021-01-20 15:00:13",臺東縣達仁鄉台9戊線10.8K北上路肩,死亡1;受傷0,營業用-半聯結車,120.841546,22.252594,1611126013
"2021-01-20 16:03:00","臺南市佳里區鎮山里佳南路口 / 臺南市佳里區鎮山里勝利路口",死亡1;受傷0,自用-小客車;普通重型-機車,120.180075,23.148626,1611129780
"2021-01-20 16:21:00","澎湖縣馬公市縣202線 4公里200.0公尺處北側向外側",死亡1;受傷0,普通重型-機車,119.631988,23.583061,1611130860
"2021-01-20 18:02:09",雲林縣口湖鄉湖口村台17線道路北上107公里附近,死亡1;受傷0,自用-小貨車(含客、貨兩用);行人-人,120.173944,23.552485,1611136929
"2021-01-20 18:55:00",屏東縣鹽埔鄉新埔路839號前0.0公尺,死亡1;受傷1,腳踏自行車-慢車;自用-小貨車(含客、貨兩用),120.564391,22.753349,1611140100
"2021-01-21 00:25:57",宜蘭縣宜蘭市東港橋上宜市路燈桿6265號前,死亡1;受傷0,普通重型-機車,121.758758,24.758010,1611159957
"2021-01-21 06:26:00","桃園市桃園區三民路2段口 / 桃園市桃園區民生路",死亡1;受傷0,營業用-曳引車;普通重型-機車,121.310445,24.999649,1611181560
"2021-01-21 12:50:24",宜蘭縣三星鄉上將路七段與雙和一路口,死亡1;受傷3,自用-小客車;自用-小貨車(含客、貨兩用);乘客-人;乘客-人,121.644155,24.677092,1611204624
"2021-01-21 17:52:00","臺中市西區中興里公益路 / 臺中市西區中興里美村路",死亡1;受傷0,營業用-小貨車(含客、貨兩用);普通重型-機車,120.661669,24.150855,1611222720
"2021-01-21 18:20:00","臺東縣東河鄉台11線 126公里400.0公尺處附近",死亡1;受傷4,自用-小客車;民營公車-大客車;乘客-人;乘客-人;乘客-人;乘客-人,121.344379,23.059007,1611224400
"2021-01-21 20:05:00",彰化縣大村鄉黃厝村美港路415號前0.0公尺前,死亡1;受傷0,普通重型-機車,120.582267,23.984253,1611230700
"2021-01-21 20:18:00",雲林縣四湖鄉林厝村文化路20巷,死亡1;受傷0,普通重型-機車,120.193566,23.637083,1611231480
"2021-01-21 20:55:00",桃園市楊梅區中山北路1段16號前0.0公尺,死亡1;受傷0,行人-人;自用-小客車,121.149606,24.907525,1611233700
"2021-01-21 23:56:00","臺東縣大武鄉台9線 408公里700.0公尺處北側向外側",死亡1;受傷0,自用-小貨車(含客、貨兩用),120.938144,22.440477,1611244560
"2021-01-22 00:54:23","臺南市仁德區後壁里中正路二段附近 / 臺南市仁德區後壁里德洋路附近",死亡1;受傷1,普通重型-機車;行人-人,120.251436,22.950224,1611248063
"2021-01-22 04:51:00",基隆市安樂區安樂路二段145號前0.0公尺,死亡1;受傷1,普通重型-機車;行人-人,121.724197,25.121314,1611262260
"2021-01-22 05:08:00","臺北市大安區仁愛路4段 / 臺北市大安區復興南路1段",死亡1;受傷0,普通重型-機車;計程車-小客車,121.543741,25.038088,1611263280
"2021-01-22 11:02:00","高雄市左營區大中二路 / 高雄市左營區博愛三路",死亡1;受傷0,自用-小貨車(含客、貨兩用);普通重型-機車,120.310175,22.681073,1611284520
"2021-01-22 19:09:00","苗栗縣苗栗市上苗里為公路口 / 苗栗縣苗栗市上苗里中正路口",死亡1;受傷0,行人-人;民營公車-大客車,120.824529,24.569970,1611313740
"2021-01-23 00:16:00",屏東縣里港鄉載興村載南路40號前0.0公尺,死亡1;受傷0,自用-小客車;營業用-曳引車,120.529878,22.779269,1611332160
"2021-01-23 01:58:00","臺南市新化區台20線 17.1公里",死亡1;受傷0,普通重型-機車,120.342676,23.066532,1611338280
"2021-01-23 06:00:00",新北市鶯歌區新北市鶯歌區環河路32號,死亡2;受傷0,普通重型-機車;乘客-人,121.351623,24.944680,1611352800
"2021-01-23 06:12:00",屏東縣屏東市潭墘里環河路前0.0公尺,死亡1;受傷1,自用-小貨車(含客、貨兩用);普通重型-機車;普通重型-機車,120.446722,22.664956,1611353520
"2021-01-23 08:36:00","桃園市楊梅區國道1號 68公里900.0公尺處南側向外側",死亡1;受傷3,營業用-半聯結車;自用-小客車;乘客-人;乘客-人;乘客-人,121.126577,24.893840,1611362160
"2021-01-23 15:15:00",新北市淡水區新北市淡水區中正東路2段115號,死亡1;受傷1,普通重型-機車;乘客-人,121.459521,25.150497,1611386100
"2021-01-23 16:18:00",屏東縣內埔鄉豐田村建國路26號前0.0公尺附近,死亡1;受傷0,普通重型-機車,120.545835,22.643792,1611389880
"2021-01-23 17:01:00","臺南市柳營區台1線 294公里200.0公尺處北側向機、慢車道",死亡1;受傷0,自用-小貨車(含客、貨兩用);普通重型-機車,120.325274,23.275668,1611392460
"2021-01-23 17:45:00",桃園市平鎮區快速路一段大溪往觀音編號P239橋墩旁,死亡1;受傷0,自用-小客車;腳踏自行車-慢車,121.229597,24.908701,1611395100
"2021-01-23 19:55:47",新竹縣關西鎮新力里竹21線1.5K處,死亡1;受傷0,普通重型-機車,121.132915,24.798812,1611402947
"2021-01-24 02:53:56",苗栗縣公館鄉五谷村台6線與苗26線口,死亡1;受傷0,自用-小客車;普通重型-機車,120.818764,24.528990,1611428036
"2021-01-24 07:00:00","屏東縣屏東市棒球路口 / 屏東縣屏東市復興路.口",死亡1;受傷1,普通重型-機車;自用-小客車,120.486907,22.657715,1611442800
"2021-01-24 20:08:00",高雄市楠梓區右昌街110號前0.0公尺前,死亡1;受傷0,普通重型-機車,120.290696,22.709985,1611490080
"2021-01-25 02:56:00",新北市泰山區新北市泰山區泰林路1段15號,死亡1;受傷1,普通重型-機車;拼裝車-其他車,121.440067,25.049859,1611514560
"2021-01-25 07:53:00",新北市蘆洲區新北市蘆洲區2號越堤道與2號越堤道,死亡1;受傷1,普通重型-機車;普通重型-機車,121.473062,25.079465,1611532380
"2021-01-25 15:08:15",苗栗縣三灣鄉台三線103.6公里處,死亡1;受傷0,自用-小客車;普通重型-機車,120.955819,24.614288,1611558495
"2021-01-26 06:46:00",臺中市西屯區西平北巷林厝公園入口處(西平北巷R17燈桿附近),死亡1;受傷0,普通重型-機車,120.623920,24.205091,1611614760
"2021-01-26 07:40:00",新北市淡水區新北市淡水區淡金路2段與北新路,死亡1;受傷0,普通重型-機車;營業用-曳引車;自用-小客車,121.446047,25.193459,1611618000
"2021-01-26 12:22:00",基隆市信義區基隆市信義區壽山路路段上,死亡1;受傷0,自用-小貨車(含客、貨兩用);普通重型-機車,121.758280,25.133091,1611634920
"2021-01-26 14:45:00","屏東縣枋山鄉台1線 457公里800.0公尺處北側向路肩",死亡1;受傷2,自用-小客車;乘客-人;乘客-人,120.652989,22.261031,1611643500
"2021-01-26 14:48:00",彰化縣二林鎮後厝里新華巷前0.0公尺,死亡1;受傷0,普通重型-機車,120.395753,23.904944,1611643680
"2021-01-26 17:09:00",臺南市西港區南41線3.6公里處南下一般車道,死亡1;受傷1,普通重型-機車;普通重型-機車,120.180324,23.116953,1611652140
"2021-01-26 18:50:00","臺東縣東河鄉台11線 147公里東側向內側",死亡1;受傷3,自用-小貨車(含客、貨兩用);自用-小貨車(含客、貨兩用);乘客-人;乘客-人,121.210765,22.865030,1611658200
"2021-01-27 08:28:00","新竹縣竹北市國道1號 91公里500.0公尺處北側向外側",死亡1;受傷1,營業用-大貨車;自用-小貨車(含客、貨兩用);營業用-半聯結車;自用-小客車;自用-小客車;自用-小貨車(含客、貨兩用);乘客-人,121.021903,24.833369,1611707280
"2021-01-27 09:35:21",雲林縣西螺鎮大園里光復東路108號前,死亡1;受傷0,營業用-曳引車;普通重型-機車;其他人-人,120.475290,23.797479,1611711321
"2021-01-27 10:06:00",新北市土城區新北市土城區中央路2段與員福街,死亡1;受傷0,營業用-曳引車;腳踏自行車-慢車,121.442174,24.978288,1611713160
"2021-01-27 11:12:00",新竹市東區研新一路與研新四路,死亡1;受傷2,普通重型-機車;普通重型-機車;乘客-人,120.986875,24.777785,1611717120
"2021-01-27 11:12:08",苗栗縣苗栗市國華路1212號前,死亡1;受傷0,營業用-曳引車;普通重型-機車;自用-小客車,120.813420,24.561377,1611717128
"2021-01-27 11:13:28",苗栗縣竹南鎮苗3線電線桿(尖筆幹86AD8671BB36)附近,死亡1;受傷3,自用-小客車;自用-小客車;乘客-人;乘客-人,120.898904,24.726329,1611717208
"2021-01-27 11:57:00","彰化縣北斗鎮中寮里斗苑路2段 / 彰化縣北斗鎮中寮里光前路",死亡1;受傷1,普通重型-機車;自用-小貨車(含客、貨兩用);乘客-人,120.504903,23.880126,1611719820
"2021-01-27 17:17:24",雲林縣元長鄉雲169鄉道與中山路9巷路口,死亡1;受傷0,自用-小客車;普通重型-機車,120.306344,23.647980,1611739044
"2021-01-28 08:15:00","高雄市路竹區順安路 / 高雄市路竹區無名路",死亡1;受傷1,普通重型-機車;普通重型-機車,120.238900,22.838020,1611792900
"2021-01-28 10:07:00",嘉義縣朴子市竹村里台19線87.2公里與產業道路口,死亡1;受傷0,自用-大貨車;普通重型-機車,120.246290,23.436257,1611799620
"2021-01-28 15:16:25","臺南市新市區國道8號 9公里400.0公尺處西側向交流道",死亡1;受傷0,營業用-半聯結車,120.277306,23.065320,1611818185
"2021-01-28 15:55:00","宜蘭縣員山鄉內城村員山路2段東側 / 宜蘭縣員山鄉內城村惠民路北側",死亡1;受傷1,自用-大貨車;普通重型-機車;乘客-人,121.709024,24.722923,1611820500
"2021-01-29 05:52:00",新北市五股區新北市五股區疏洪一路與疏洪六路,死亡1;受傷0,普通重型-機車,121.458371,25.075385,1611870720
"2021-01-29 09:12:00","彰化縣秀水鄉鶴鳴村馬鳴路 / 彰化縣秀水鄉鶴鳴村彰鹿路",死亡1;受傷2,自用-小客車;普通重型-機車;普通重型-機車,120.503701,24.059030,1611882720
"2021-01-29 11:24:00",臺北市北投區福國路前0.0公尺,死亡1;受傷0,普通重型-機車;營業用-曳引車;自用-小貨車(含客、貨兩用),121.522520,25.102945,1611890640
"2021-01-29 16:12:30","屏東縣萬丹鄉廣安村萬丹路2段口 / 屏東縣萬丹鄉廣安村廣維路口",死亡1;受傷0,營業用-曳引車;普通重型-機車,120.487496,22.606213,1611907950
"2021-01-29 18:39:33","苗栗縣竹南鎮台61線 93.6公里南側向機、慢車道",死亡1;受傷0,營業用-曳引車;普通重型-機車,120.867431,24.704208,1611916773
"2021-01-30 02:22:00",新北市三芝區新北市三芝區淡金公路(四棧橋39-1號),死亡2;受傷0,自用-小客車;自用-小貨車(含客、貨兩用);自用-小貨車(含客、貨兩用);其他人-人;自用-小貨車(含客、貨兩用);乘客-人,121.502434,25.259345,1611944520
"2021-01-30 11:55:50",苗栗縣苑裡鎮東西七路與南北二路路口,死亡1;受傷0,普通重型-機車;自用-小客車,120.640096,24.433150,1611978950
"2021-01-30 19:32:00",新北市泰山區新北市泰山區大科路686之2號,死亡1;受傷0,普通重型-機車;普通重型-機車;自用-小客車,121.389780,25.065670,1612006320
"2021-01-31 00:19:00",臺中市和平區達觀里東崎街1段前0.0公尺,死亡1;受傷0,自用-小客車;行人-人,120.924441,24.306601,1612023540
"2021-01-31 09:26:00",新北市樹林區新北市樹林區大安路與長壽街,死亡1;受傷0,普通重型-機車;自用-小客車,121.426237,25.002193,1612056360
"2021-01-31 13:22:31",花蓮縣花蓮市中正路與新興路口以北70公尺處外側路沿,死亡1;受傷0,普通重型-機車,121.614021,23.982046,1612070551
"2021-01-31 14:00:32",新竹縣芎林鄉富林路一段與五和街口附近,死亡1;受傷0,自用-小客車;自用-小客車;自用-小客車;自用-小客車;乘客-人,121.119956,24.736322,1612072832
"2021-01-31 22:49:00","高雄市大寮區國華街 / 高雄市大寮區無名路",死亡1;受傷0,自用-小客車;普通重型-機車,120.399011,22.625047,1612104540
"2021-02-01 05:32:00",南投縣埔里鎮中山路四段62號前,死亡1;受傷0,普通重型-機車,120.938357,23.965194,1612128720
"2021-02-01 13:37:00",新北市樹林區新北市樹林區三俊街與俊興街,死亡1;受傷0,自用-小貨車(含客、貨兩用);普通重型-機車,121.419688,25.016484,1612157820
"2021-02-01 16:25:06",嘉義縣民雄鄉秀林村溪底寮82號前,死亡1;受傷0,營業用-曳引車;普通重型-機車,120.464806,23.506232,1612167906
"2021-02-01 20:53:53",臺南市仁德區大發路58號前0.0公尺,死亡1;受傷0,普通重型-機車,120.251336,22.984211,1612184033
"2021-02-01 23:52:00",臺南市安南區台江大道2段201號,死亡6;受傷0,自用-小客車;乘客-人;乘客-人;乘客-人;乘客-人;乘客-人,120.207324,23.057420,1612194720
"2021-02-02 00:26:00","花蓮縣吉安鄉慶豐四街口 / 花蓮縣吉安鄉慶南三街口",死亡1;受傷1,自用-小客車;普通重型-機車,121.570830,23.975420,1612196760
"2021-02-02 07:53:00",雲林縣斗南鎮延平路二段與莒光街口,死亡1;受傷0,腳踏自行車-慢車;自用-小貨車(含客、貨兩用),120.475931,23.670112,1612223580
"2021-02-02 08:05:00",苗栗縣苑裡鎮舊社里苗130線與德行路口,死亡1;受傷0,自用-小客車;普通重型-機車,120.680642,24.419439,1612224300
"2021-02-02 08:44:00",臺北市士林區中山北路5段前0.0公尺,死亡1;受傷1,普通重型-機車;行人-人,121.526360,25.087075,1612226640
"2021-02-02 12:12:00","高雄市楠梓區德民路 / 高雄市楠梓區德民路",死亡1;受傷1,普通重型-機車;行人-人,120.298872,22.723846,1612239120
"2021-02-03 01:08:03",苗栗縣竹南鎮台61線93.7公里處北上慢車道,死亡1;受傷0,營業用-曳引車;普通重型-機車,120.842473,24.676225,1612285683
"2021-02-03 02:45:00",臺南市麻豆區南勢里南勢87之2號,死亡1;受傷0,普通重型-機車,120.272123,23.189311,1612291500
"2021-02-03 08:36:00",臺北市士林區承德路4段277巷前0.0公尺,死亡1;受傷0,自用-小貨車(含客、貨兩用);行人-人,121.519832,25.089617,1612312560
"2021-02-03 09:30:00","臺中市沙鹿區鹿峰里中清路七段北側 / 臺中市沙鹿區鹿峰里三民路",死亡1;受傷0,自用-大貨車;自用-小客車;營業用-半聯結車,120.575650,24.251770,1612315800
"2021-02-03 18:51:00",屏東縣崁頂鄉港東2號橋往南防汛道路旁水溝(台電電桿后廍90R41L9T3182EA20),死亡1;受傷0,普通輕型-機車,120.478403,22.516677,1612349460
"2021-02-04 09:17:00",嘉義縣中埔鄉富收村富裕路128號前0.0公尺附近,死亡1;受傷0,普通重型-機車,120.481528,23.447948,1612401420
"2021-02-04 11:14:00","高雄市岡山區成功路 / 高雄市岡山區成功路",死亡1;受傷0,自用-小貨車(含客、貨兩用);普通重型-機車,120.300574,22.810926,1612408440
"2021-02-04 12:46:00",嘉義縣義竹鄉溪州村台19線91.45公里,死亡1;受傷0,自用-小貨車(含客、貨兩用),120.245420,23.398974,1612413960
"2021-02-04 14:34:00","嘉義縣大林鎮國道1號 251公里500.0公尺處北側向內側",死亡1;受傷3,自用-小客車;乘客-人;乘客-人;乘客-人,120.432739,23.591355,1612420440
"2021-02-04 18:40:00","臺南市玉井區台3線 371公里500.0公尺處西側向外側",死亡1;受傷0,自用-小客車;行人-人,120.477655,23.135629,1612435200
"2021-02-04 18:56:58","新竹縣湖口鄉國道1號 84公里700.0公尺處北側向外側",死亡1;受傷0,行人-人;民營公車-大客車,121.064183,24.876976,1612436218
"2021-02-04 19:12:52",桃園市八德區廣興路641號前0.0公尺附近,死亡1;受傷0,普通重型-機車;行人-人,121.283737,24.946916,1612437172
"2021-02-05 07:03:00","臺南市佳里區南47 2公里500.0公尺處",死亡1;受傷0,普通重型-機車,120.210043,23.173928,1612479780
"2021-02-05 07:35:00","彰化縣秀水鄉金興村番花路 / 彰化縣秀水鄉金興村正興路",死亡1;受傷2,普通重型-機車;普通重型-機車;乘客-人,120.524454,24.014461,1612481700
"2021-02-05 09:30:38",雲林縣北港鎮好收里雲162公路與產業道路口,死亡1;受傷0,營業用-小貨車(含客、貨兩用);普通重型-機車,120.288198,23.595787,1612488638
"2021-02-05 11:10:00",雲林縣東勢鄉四美村四美,死亡1;受傷0,普通重型-機車,120.247094,23.726362,1612494600
"2021-02-05 13:06:26",雲林縣二崙鄉定安村田寮(田寮28東17K2463FB32電桿),死亡1;受傷0,普通重型-機車;自用-小客車;自用-小貨車(含客、貨兩用),120.406220,23.815579,1612501586
"2021-02-05 13:57:00","彰化縣鹿港鎮洋厝里鹿草路3段 / 彰化縣鹿港鎮洋厝里新厝巷",死亡1;受傷0,自用-小貨車(含客、貨兩用);普通重型-機車,120.447937,24.090128,1612504620
"2021-02-05 18:16:11",宜蘭縣頭城鎮吉祥路142號前0.0公尺北側,死亡1;受傷1,自用-小客車;行人-人;行人-人,121.817545,24.859386,1612520171
"2021-02-05 18:22:00",新北市板橋區新北市板橋區民生路3段40號,死亡1;受傷0,普通重型-機車;腳踏自行車-慢車;營業用-曳引車;民營客運-大客車,121.467479,25.024923,1612520520
"2021-02-05 18:22:00","高雄市岡山區大仁北路 / 高雄市岡山區大仁北路",死亡1;受傷1,普通重型-機車;電動自行車-慢車;自用-小客車,120.302375,22.792739,1612520520
"2021-02-05 18:58:00",臺中市豐原區翁子里豐勢路2段245巷前0.0公尺,死亡1;受傷1,普通重型-機車;行人-人,120.741628,24.263455,1612522680
"2021-02-05 19:14:00",新北市板橋區新北市板橋區長江路1段105巷與環河西路,死亡1;受傷1,普通重型-機車;普通重型-機車,121.459465,25.029749,1612523640
"2021-02-06 06:30:00",桃園市觀音區工業七路10號前0.0公尺,死亡1;受傷0,營業用-大貨車;普通重型-機車,121.106436,25.052765,1612564200
"2021-02-06 07:21:00","臺北市萬華區大理街 / 臺北市萬華區雙園街",死亡1;受傷0,自用-小客車;行人-人,121.493091,25.032270,1612567260
"2021-02-06 08:20:00",臺南市將軍區忠嘉里南21線3.5公里,死亡1;受傷0,普通重型-機車;自用-小客車,120.155169,23.201761,1612570800
"2021-02-06 09:11:00","高雄市前鎮區中山四路 / 高雄市前鎮區凱旋四路",死亡1;受傷0,營業用-曳引車;普通輕型-機車,120.315436,22.596791,1612573860
"2021-02-06 10:11:39",臺南市仁德區保安里文賢路2段45號,死亡1;受傷2,普通重型-機車;自用-小貨車(含客、貨兩用);乘客-人;乘客-人,120.238128,22.920915,1612577499
"2021-02-06 11:37:36","桃園市中壢區圓光路2段口 / 桃園市中壢區大莊路",死亡1;受傷2,自用-小客車;普通重型-機車;乘客-人,121.172724,25.007968,1612582656
"2021-02-06 16:43:00",新北市鶯歌區新北市鶯歌區堤外道路1K+000,死亡1;受傷0,普通重型-機車;營業用-曳引車,121.350000,24.950000,1612600980
"2021-02-07 02:55:12","花蓮縣豐濱鄉台11線 47公里200.0公尺處東側向外側",死亡1;受傷0,自用-小客車,121.529255,23.617886,1612637712
"2021-02-07 13:33:00",南投縣鹿谷鄉股聲巷9號附近,死亡1;受傷0,普通重型-機車,120.782616,23.720794,1612675980
"2021-02-07 18:24:51",臺南市仁德區中洲路陸橋國道一號上方,死亡1;受傷0,普通重型-機車;動力機械-其他車,120.263852,22.909759,1612693491
"2021-02-07 19:09:37",臺南市永康區王行路1102-10號,死亡1;受傷0,遊覽車-大客車;行人-人;計程車-小客車,120.274093,23.052105,1612696177
"2021-02-07 22:30:00","彰化縣彰化市國道1號 195公里500.0公尺處南側向內側",死亡2;受傷3,自用-小客車;自用-小貨車(含客、貨兩用);乘客-人;乘客-人;乘客-人;乘客-人,120.553436,24.099005,1612708200
"2021-02-08 07:39:00","新竹縣竹北市莊敬南路口 / 新竹縣竹北市成功十街",死亡1;受傷0,電動自行車-慢車;自用-小客車,121.020040,24.816348,1612741140
"2021-02-08 07:46:00",高雄市林園區石化三路9號前0.0公尺,死亡1;受傷0,普通重型-機車;營業用-大貨車,120.405849,22.487654,1612741560
"2021-02-08 10:50:01",花蓮縣壽豐鄉中山路6段170號,死亡1;受傷1,行人-人;普通重型-機車,121.512510,23.875915,1612752601
"2021-02-08 11:22:22","高雄市仁武區國道10號 4公里300.0公尺處東側向外側",死亡1;受傷1,營業用-大貨車;租賃車-小客車;營業用-大貨車;營業用-半聯結車;乘客-人,120.351552,22.685030,1612754542
"2021-02-08 12:28:00",臺北市萬華區萬板大橋往台北市前0.0公尺,死亡1;受傷0,普通輕型-機車;民營公車-大客車,121.491043,25.029496,1612758480
"2021-02-08 14:56:00","高雄市阿蓮區中正路 / 高雄市阿蓮區中正路",死亡1;受傷0,普通輕型-機車;營業用-曳引車,120.333100,22.880690,1612767360
"2021-02-08 15:34:00","高雄市楠梓區德中路 / 高雄市楠梓區大學二十九路",死亡1;受傷0,自用-小貨車(含客、貨兩用);普通重型-機車,120.277277,22.723132,1612769640
"2021-02-09 17:11:47","臺南市關廟區五甲里南雄路1段附近 / 臺南市關廟區五甲里南雄路1段口",死亡1;受傷2,計程車-小客車;普通重型-機車;自用-小客車;乘客-人,120.333128,22.945183,1612861907
"2021-02-09 18:47:00","南投縣集集鎮投54 3公里500.0公尺處",死亡1;受傷0,行人-人;自用-小客車,120.758129,23.830873,1612867620
"2021-02-09 19:02:00",彰化縣鹿港鎮洋厝里新厝巷前0.0公尺,死亡1;受傷0,普通重型-機車,120.454415,24.086760,1612868520
"2021-02-10 06:01:00",彰化縣和美鎮月眉里和港路552號前0.0公尺,死亡1;受傷0,腳踏自行車-慢車;自用-小客車,120.489818,24.131780,1612908060
"2021-02-10 07:44:00",屏東縣東港鎮興和里和東路27號前0.0公尺,死亡1;受傷1,普通重型-機車;普通重型-機車,120.480905,22.485999,1612914240
"2021-02-10 10:58:00",屏東縣竹田鄉東西七路與過溝二路,死亡1;受傷0,自用-小貨車(含客、貨兩用);普通重型-機車,120.515782,22.615991,1612925880
"2021-02-10 12:40:00",彰化縣芬園鄉舊社村大彰路5段前0.0公尺,死亡1;受傷0,普通重型-機車,120.595087,24.028328,1612932000
"2021-02-10 13:30:00",臺中市大雅區員林里神林路一段520巷前0.0公尺,死亡1;受傷0,自用-小客車,120.661814,24.244196,1612935000
"2021-02-10 16:03:00",嘉義縣六腳鄉蘇厝村縣道145線47.5公里與蘇厝村無名道路口,死亡1;受傷0,普通重型-機車;自用-小貨車(含客、貨兩用),120.296300,23.555674,1612944180
"2021-02-10 19:00:00",臺南市學甲區新榮里華宗路210號前0.0公尺,死亡1;受傷0,行人-人;自用-小客車;自用-小客車,120.183495,23.225389,1612954800
"2021-02-10 19:24:00","臺中市南區崇倫里崇倫街 / 臺中市南區崇倫里西川一路",死亡1;受傷0,自用-小客車;行人-人,120.655996,24.127821,1612956240
"2021-02-10 19:57:00","高雄市三民區九如三路 / 高雄市三民區中庸街",死亡1;受傷1,自用-小客車;普通重型-機車;普通重型-機車;民營客運-大客車,120.285336,22.643770,1612958220
"2021-02-11 00:24:50","高雄市田寮區國道3號 371公里100.0公尺處南側向外側",死亡1;受傷0,自用-小客車;自用-小客車;自用-小貨車(含客、貨兩用),120.381735,22.851159,1612974290
"2021-02-11 04:46:00",高雄市路竹區中山路226之1號前0.0公尺,死亡2;受傷1,自用-小貨車(含客、貨兩用);普通重型-機車;自用-小客車;乘客-人,120.259500,22.855590,1612989960
"2021-02-11 06:16:00",新北市泰山區新北市泰山區大科路350002燈桿處,死亡1;受傷1,普通重型-機車;行人-人,121.398532,25.058785,1612995360
"2021-02-11 06:24:00","高雄市大社區中山路 / 高雄市大社區金龍路",死亡1;受傷0,營業用-小貨車(含客、貨兩用);行人-人,120.353701,22.731153,1612995840
"2021-02-11 08:02:52","花蓮縣瑞穗鄉台9線 251公里200.0公尺處南側",死亡1;受傷2,自用-小客車;乘客-人;乘客-人,121.377562,23.534391,1613001772
"2021-02-11 11:10:00",屏東縣屏東市和生路2段186號前0.0公尺,死亡1;受傷0,電動輔助自行車-慢車;自用-小客車,120.480580,22.652803,1613013000
"2021-02-11 15:32:00","南投縣仁愛鄉投71 17公里20.0公尺處附近",死亡1;受傷0,普通重型-機車,121.047116,23.914570,1613028720
"2021-02-11 16:40:17",宜蘭縣礁溪鄉匏杓崙路132號前0.0公尺,死亡1;受傷1,自用-小客車;乘客-人,121.713216,24.808378,1613032817
"2021-02-11 20:12:00","桃園市中壢區普仁里中山東路1段口 / 桃園市中壢區普仁里甘肅二街口",死亡1;受傷0,普通重型-機車,121.235279,24.955487,1613045520
"2021-02-12 02:19:00","臺南市新營區嘉芳里復興路東側 / 臺南市新營區嘉芳街",死亡1;受傷1,電動自行車-慢車;自用-小客車;乘客-人,120.285313,23.309081,1613067540
"2021-02-12 04:02:00",屏東縣內埔鄉東寧村德光巷(路燈編號912-02209),死亡1;受傷0,普通重型-機車,120.561492,22.614317,1613073720
"2021-02-12 08:25:00",桃園市楊梅區老莊路800號前0.0公尺,死亡1;受傷0,自用-小客車,121.165369,24.881085,1613089500
"2021-02-12 14:29:00",高雄市阿蓮區玉庫里無名路玉庫282電桿號前0.0公尺,死亡1;受傷1,普通重型-機車;乘客-人,120.310300,22.850110,1613111340
"2021-02-12 15:40:00",彰化縣大城鄉山腳村鐵樹巷前0.0公尺,死亡1;受傷0,普通重型-機車;自用-小客車,120.318026,23.840901,1613115600
"2021-02-12 15:55:00",嘉義市西區北新里世賢路1段420號前0.0公尺,死亡1;受傷1,腳踏自行車-慢車;普通重型-機車,120.454930,23.481443,1613116500
"2021-02-12 17:11:00","屏東縣枋山鄉台9線 451公里500.0公尺處南側向內側",死亡1;受傷7,自用-小客車;自用-小客車;乘客-人;乘客-人;乘客-人;乘客-人;乘客-人;乘客-人,120.702129,22.206985,1613121060
"2021-02-12 22:11:00",彰化縣福興鄉秀厝村南環路3段前500.0公尺西側,死亡1;受傷0,普通重型-機車,120.425372,24.035457,1613139060
"2021-02-12 22:22:00",臺北市中正區汀州路1段136號前0.0公尺,死亡1;受傷0,普通重型-機車;行人-人;計程車-小客車,121.508073,25.029433,1613139720
"2021-02-13 04:13:00","臺北市萬華區和平西路3段 / 臺北市萬華區廣州街",死亡1;受傷1,自用-小客車;行人-人,121.496965,25.036721,1613160780
"2021-02-13 06:00:36",新竹市東區東大路橋往食品匝道口,死亡1;受傷0,自用-小客車,120.977131,24.803769,1613167236
"2021-02-13 13:32:52","雲林縣斗南鎮建國一路南側 / 雲林縣斗南鎮文化街東側",死亡1;受傷0,自用-小客車;普通重型-機車,120.478224,23.683628,1613194372
"2021-02-13 16:15:00",臺中市大安區中庄里中松路85號前0.0公尺,死亡1;受傷0,普通重型-機車,120.588791,24.348886,1613204100
"2021-02-14 01:18:58",嘉義縣鹿草鄉施家村163線21公里900公尺處,死亡1;受傷0,普通重型-機車,120.300878,23.396990,1613236738
"2021-02-14 15:15:00","桃園市大園區海港路口 / 桃園市大園區產業道路",死亡1;受傷0,腳踏自行車-慢車;自用-小客車,121.231895,25.107666,1613286900
"2021-02-14 17:10:00",屏東縣枋山鄉台1線451.5KM,死亡1;受傷0,自用-小客車;大型重型2(250-550C.C.)-機車,120.651820,22.270348,1613293800
"2021-02-14 22:08:12","桃園市觀音區二聖路口 / 桃園市觀音區六合街",死亡1;受傷1,普通重型-機車;自用-小客車,121.138048,25.039155,1613311692
"2021-02-15 00:18:00",高雄市林園區潭頭路226號前0.0公尺,死亡1;受傷0,普通重型-機車,120.396907,22.525924,1613319480
"2021-02-15 01:30:00",彰化縣和美鎮嘉寶里嘉卿路1段390號前0.0公尺,死亡2;受傷1,自用-小客車;乘客-人;乘客-人,120.518783,24.137150,1613323800
"2021-02-15 07:25:00",臺南市善化區牛庄里區道南127-1線前0.0公尺,死亡1;受傷0,普通重型-機車,120.316002,23.148073,1613345100
"2021-02-15 07:54:41",雲林縣北港鎮台19線往南,死亡1;受傷0,普通重型-機車,120.306717,23.608855,1613346881
"2021-02-15 12:54:00","澎湖縣西嶼鄉縣203線 31公里400.0公尺處北側向外側",死亡1;受傷2,普通重型-機車;普通重型-機車;乘客-人,119.506271,23.587352,1613364840
"2021-02-15 13:43:00",臺南市東區崇善路與崇善二街口,死亡1;受傷0,普通輕型-機車;自用-小客車,120.227854,22.977174,1613367780
"2021-02-15 16:50:00",高雄市林園區中芸三路300號前0.0公尺,死亡1;受傷0,自用-小客車;普通重型-機車;自用-小客車;自用-小客車,120.398532,22.494401,1613379000
"2021-02-15 21:40:00",高雄市美濃區中正路2段543號前0.0公尺,死亡1;受傷0,普通重型-機車,120.536200,22.873650,1613396400
"2021-02-16 07:36:00","彰化縣鹿港鎮海埔里鹿工路 / 彰化縣鹿港鎮海埔里鹿工北二路",死亡1;受傷0,自用-小客車;電動自行車-慢車,120.412847,24.077578,1613432160
"2021-02-16 10:13:45",新竹縣峨眉鄉台3線89.5公里,死亡1;受傷0,大型重型1(550C.C.以上)-機車,121.012094,24.691701,1613441625
"2021-02-16 15:25:27",苗栗縣苑裡鎮苗140線與田心5路口,死亡1;受傷0,自用-小客車;乘客-人,120.656476,24.415549,1613460327
"2021-02-16 17:24:00",雲林縣水林鄉水南村產業道路蔦松40號電桿旁,死亡1;受傷0,腳踏自行車-慢車,120.227571,23.518240,1613467440
"2021-02-17 04:44:56","宜蘭縣五結鄉國道5號 45公里100.0公尺處南側向外側",死亡1;受傷0,自用-小客車,121.790787,24.700426,1613508296
"2021-02-17 07:34:00","雲林縣斗六市明德北路西側 / 雲林縣斗六市文化路",死亡1;受傷1,自用-小客車;普通重型-機車;普通重型-機車,120.556821,23.712800,1613518440
"2021-02-17 22:42:00",雲林縣元長鄉龍岩村龍岩45之1號前路口,死亡1;受傷0,自用-小貨車(含客、貨兩用),120.318171,23.622583,1613572920
"2021-02-18 12:33:00",新竹縣新埔鎮楊新路1段318巷口,死亡1;受傷1,自用-小客車;普通重型-機車,121.087108,24.831138,1613622780
"2021-02-18 19:45:33","桃園市八德區國道2號 17公里300.0公尺處西側向外側",死亡1;受傷0,自用-小客車;自用-小客車,121.318584,24.969086,1613648733
"2021-02-19 04:38:00",新北市五股區新北市五股區中興路與四維路,死亡1;受傷0,自用-小貨車(含客、貨兩用);普通重型-機車,121.441968,25.081495,1613680680
"2021-02-19 08:37:00","高雄市鳳山區經武路 / 高雄市鳳山區力行路",死亡1;受傷1,自用-小客車;普通重型-機車;乘客-人,120.364568,22.639307,1613695020
"2021-02-19 10:16:00","臺中市外埔區大同里三環路 / 臺中市外埔區大同里三環路",死亡1;受傷1,普通重型-機車;普通重型-機車,120.646815,24.328071,1613700960
"2021-02-19 13:30:41",宜蘭縣員山鄉坡城路51-26號前0.0公尺附近,死亡2;受傷1,自用-小客車;行人-人;行人-人;普通重型-機車,121.701291,24.779152,1613712641
"2021-02-19 15:46:00",新北市貢寮區新北市貢寮區臺2線道路113.2K,死亡1;受傷0,營業用-曳引車,121.944716,25.015890,1613720760
"2021-02-19 18:38:00",臺中市西屯區台灣大道三段,死亡1;受傷0,自用-小客車;腳踏自行車-慢車,120.647665,24.164183,1613731080
"2021-02-19 19:46:58",雲林縣西螺鎮頂湳里145縣道台電電桿新社107A北側20公尺,死亡1;受傷0,自用-小貨車(含客、貨兩用);腳踏自行車-慢車,120.443936,23.774492,1613735218
"2021-02-20 03:58:12","臺南市北區成功路東側 / 臺南市北區金華路5段西側",死亡1;受傷0,普通重型-機車;自用-小客車,120.196093,23.001476,1613764692
"2021-02-20 04:50:00",屏東縣春日鄉力里村南和橋上,死亡1;受傷1,普通重型-機車;乘客-人,120.645783,22.437344,1613767800
"2021-02-20 09:58:00",桃園市龍潭區中正路三坑段燈桿0302496處附近,死亡1;受傷0,普通重型-機車,121.247996,24.843865,1613786280
"2021-02-20 12:25:00",苗栗縣苑裡鎮130縣道(福田里37之1號前),死亡1;受傷0,普通重型-機車;自用-小貨車(含客、貨兩用);乘客-人,120.676017,24.422765,1613795100
"2021-02-20 13:10:00",基隆市中正區基隆市中正區北寧路海洋大學工學館前,死亡1;受傷1,自用-小客車;普通重型-機車;乘客-人,121.781361,25.149910,1613797800
"2021-02-20 18:17:00",臺南市東山區三榮里南314線6.7K,死亡1;受傷0,自用-小客車;普通重型-機車,120.387849,23.314019,1613816220
"2021-02-20 18:50:00",高雄市岡山區嘉峰路93號前0.0公尺,死亡1;受傷1,大型重型2(250-550C.C.)-機車;行人-人,120.312335,22.828214,1613818200
"2021-02-20 23:10:00",新北市樹林區新北市樹林區環漢路5段與四維路,死亡1;受傷0,自用-小貨車(含客、貨兩用);普通重型-機車,121.435191,24.995727,1613833800
"2021-02-21 02:35:56",臺南市東區林森路2段250號北側,死亡1;受傷0,普通重型-機車,120.223928,22.992099,1613846156
"2021-02-21 06:58:00","桃園市蘆竹區中正路南側 / 桃園市蘆竹區榮興路南側",死亡1;受傷0,自用-小客車;大型重型2(250-550C.C.)-機車,121.295625,25.041164,1613861880
"2021-02-21 07:25:55","雲林縣口湖鄉台61線 255公里800.0公尺處北側向內側",死亡2;受傷10,自用-小貨車(含客、貨兩用);自用-大貨車;自用-小貨車(含客、貨兩用);營業用-大貨車;乘客-人;自用-小客車;營業用-曳引車;自用-小客車;自用-小客車;自用-小客車;自用-小客車;自用-大貨車;自用-小客車;自用-小客車;自用-小客車;自用-小客車;自用-小客車;營業用-曳引車;自用-大貨車;乘客-人;乘客-人;乘客-人;乘客-人;乘客-人;乘客-人,120.181360,23.518469,1613863555
"2021-02-21 14:23:00",新北市新店區新北市新店區北宜路3段210巷與北宜路3段北宜公路18.1K,死亡1;受傷1,普通重型-機車;大型重型2(250-550C.C.)-機車,121.590221,24.951395,1613888580
"2021-02-21 16:37:00","屏東縣萬丹鄉香社村萬新路口 / 屏東縣萬丹鄉香社村大勇路口",死亡1;受傷2,普通重型-機車;大型重型1(550C.C.以上)-機車;乘客-人,120.485722,22.555368,1613896620
"2021-02-21 18:37:56",雲林縣東勢鄉縣道158甲,死亡1;受傷0,普通重型-機車;自用-小客車;自用-小客車;乘客-人,120.271758,23.720417,1613903876
"2021-02-21 20:46:00",雲林縣斗六市文化路與引善路口,死亡1;受傷0,普通重型-機車,120.567973,23.716914,1613911560
"2021-02-22 04:00:00",臺中市清水區中社里鎮政路前0.0公尺,死亡1;受傷1,普通重型-機車;自用-小客車,120.552338,24.270722,1613937600
"2021-02-22 11:39:00",臺南市永康區和平路189號,死亡1;受傷0,動力機械-其他車;普通重型-機車;自用-大貨車,120.266273,23.054024,1613965140
"2021-02-23 08:30:44",苗栗縣銅鑼鄉樟樹村竹圍32之1號,死亡1;受傷0,自用-大貨車;普通重型-機車,120.779234,24.448526,1614040244
"2021-02-23 09:08:00",新竹縣新豐鄉瑞興村5鄰崁頭90號,死亡2;受傷1,普通重型-機車;自用-小貨車(含客、貨兩用);乘客-人;乘客-人,121.014969,24.906912,1614042480
"2021-02-23 09:50:00","高雄市旗山區延平一路 / 高雄市旗山區中華路",死亡1;受傷1,普通重型-機車;普通重型-機車,120.484779,22.882211,1614045000
"2021-02-23 11:46:47","臺南市北區北門路二段口 / 臺南市北區公園北路口",死亡1;受傷0,自用-大貨車;腳踏自行車-慢車,120.213530,23.003935,1614052007
"2021-02-23 18:18:00",新北市三峽區新北市三峽區佳興路與龍埔路,死亡1;受傷0,自用-大貨車;普通重型-機車,121.366667,24.933333,1614075480
"2021-02-23 19:43:00",高雄市旗山區旗甲路3段489號前0.0公尺,死亡1;受傷0,自用-小客車;行人-人,120.507700,22.941830,1614080580
"2021-02-23 21:20:00","桃園市蘆竹區中興路口 / 桃園市蘆竹區中興七街附近",死亡1;受傷0,腳踏自行車-慢車;自用-小客車,121.261962,25.013106,1614086400
"2021-02-24 03:48:00",新北市新莊區新北市新莊區光明路221149燈桿前,死亡1;受傷0,普通重型-機車;自用-小客車;自用-小客車,121.491111,25.059126,1614109680
"2021-02-24 08:09:00",新竹縣新豐鄉竹2-1線0.5公里處,死亡1;受傷1,普通重型-機車;普通重型-機車;自用-小客車,121.010533,24.913160,1614125340
"2021-02-24 10:16:59",桃園市大園區橫峰里中山南路471號前0.0公尺附近,死亡1;受傷0,自用-小客車;普通輕型-機車;自用-小客車,121.205174,25.056205,1614133019
"2021-02-24 11:27:14",雲林縣麥寮鄉中興村工業路1500號前0.0公尺附近,死亡1;受傷0,自用-小客車;營業用-曳引車,120.219349,23.794209,1614137234
"2021-02-24 14:35:00",苗栗縣三灣鄉栗縣三灣鄉124乙縣道1.7公里處,死亡2;受傷2,自用-小客車;自用-小客車;乘客-人;乘客-人;乘客-人,120.970384,24.643013,1614148500
"2021-02-24 17:15:00","桃園市桃園區建國路口 / 桃園市桃園區延平路",死亡1;受傷0,自用-小貨車(含客、貨兩用);普通重型-機車,121.314388,24.985619,1614158100
"2021-02-24 18:45:24","花蓮縣吉安鄉中央路1段口 / 花蓮縣吉安鄉福興六街口",死亡1;受傷1,自用-小貨車(含客、貨兩用);普通重型-機車;乘客-人,121.597223,23.994353,1614163524
"2021-02-24 21:48:00","桃園市楊梅區楊湖路4段口 / 桃園市楊梅區上湖五路口",死亡1;受傷0,行人-人;自用-小客車,121.069675,24.911472,1614174480
"2021-02-25 06:18:11",雲林縣水林鄉水南村東陽街(路燈編號090912旁),死亡1;受傷1,自用-小客車;行人-人,120.246252,23.568296,1614205091
"2021-02-25 07:18:00","高雄市旗山區旗南二路 / 高雄市旗山區中寮一路",死亡1;受傷0,自用-小客車;普通重型-機車,120.466123,22.848450,1614208680
"2021-02-25 15:32:33","新竹縣湖口鄉光復北路口 / 新竹縣湖口鄉工業三路口",死亡1;受傷0,營業用-曳引車;其他人-人,121.018059,24.866034,1614238353
"2021-02-26 08:01:00","臺南市七股區大潭里省道臺17線口 / 臺南市七股區大潭里區道南30線口",死亡1;受傷0,自用-小貨車(含客、貨兩用);普通重型-機車,120.133111,23.185111,1614297660
"2021-02-26 12:03:48",桃園市蘆竹區海山路1段340號前0.0公尺,死亡1;受傷2,自用-小客車;乘客-人;乘客-人,121.263319,25.097408,1614312228
"2021-02-27 04:30:00",桃園市桃園區中山路827號前0.0公尺,死亡1;受傷2,行人-人;普通重型-機車;普通重型-機車,121.288277,24.989660,1614371400
"2021-02-27 04:40:00",雲林縣褒忠鄉新湖村新湖路26-4號前,死亡1;受傷0,行人-人;自用-小貨車(含客、貨兩用),120.289446,23.710711,1614372000
"2021-02-27 05:48:25",花蓮縣新城鄉順安村北三棧119之1號前,死亡1;受傷0,行人-人;自用-小客車,121.633498,24.113543,1614376105
"2021-02-27 08:38:00","高雄市鳥松區國道1號 364公里300.0公尺處南側向內側",死亡1;受傷3,營業用-半聯結車;自用-小貨車(含客、貨兩用);營業用-曳引車;乘客-人;乘客-人;乘客-人,120.335437,22.650917,1614386280
"2021-02-27 12:39:00",新北市三重區新北市三重區忠孝路1段與自強路3段,死亡1;受傷0,自用-小客車;普通重型-機車,121.490210,25.071872,1614400740
"2021-02-27 17:24:00","臺東縣卑南鄉民生路口 / 臺東縣卑南鄉和平路口",死亡1;受傷1,普通重型-機車;乘客-人,121.100259,22.779518,1614417840
"2021-02-27 23:52:00",高雄市美濃區廣興街86號前0.0公尺前,死亡1;受傷3,自用-小客車;自用-小客車;乘客-人;乘客-人;乘客-人,120.570200,22.917530,1614441120
"2021-02-28 00:34:00",臺中市神岡區北庄里中山路1011號前0.0公尺,死亡1;受傷4,自用-小客車;乘客-人;乘客-人;乘客-人;乘客-人,120.672238,24.255238,1614443640
"2021-02-28 10:28:00",臺中市新社區中和里豐埔產業道路前0.0公尺,死亡1;受傷0,自用-小客車;大型重型2(250-550C.C.)-機車,120.834061,24.172808,1614479280
"2021-02-28 13:37:00","花蓮縣富里鄉台9線 298公里750.0公尺處",死亡1;受傷0,大型重型2(250-550C.C.)-機車,121.250129,23.184132,1614490620
"2021-02-28 13:41:00",嘉義縣太保市新埤里台18線3公里200公尺處西向,死亡1;受傷1,自用-小客車;自用-小貨車(含客、貨兩用),120.344219,23.479904,1614490860
"2021-02-28 14:40:00","桃園市中壢區高鐵南路5段東側 / 桃園市中壢區松仁路口",死亡1;受傷0,自用-小客車;腳踏自行車-慢車,121.165330,24.963705,1614494400
"2021-02-28 21:05:33",苗栗縣竹南鎮國道3號竹南段橋下的8號涵洞的西往東產業道路上,死亡1;受傷0,普通重型-機車,120.848546,24.684443,1614517533
"2021-03-01 01:29:00","臺北市大安區和平東路1段 / 臺北市大安區新生南路2段",死亡1;受傷0,自用-小客車;普通重型-機車,121.534777,25.026071,1614533340
"2021-03-01 18:17:04",花蓮縣花蓮市華西路與193線道口附近,死亡1;受傷0,普通重型-機車;自用-小貨車(含客、貨兩用),121.629768,24.024055,1614593824
"2021-03-02 05:56:00",臺中市大里區永隆里大明路476號前0.0公尺,死亡1;受傷1,行人-人;普通重型-機車,120.675865,24.114946,1614635760
"2021-03-02 06:00:00",臺中市梧棲區中正里文化路二段117號前0.0公尺,死亡1;受傷0,自用-小客車;行人-人,120.530339,24.254969,1614636000
"2021-03-02 10:14:00",臺中市北屯區水景里軍功路一段303號前0.0公尺,死亡1;受傷3,自用-小客車;自用-小客車;自用-小貨車(含客、貨兩用);乘客-人,120.717372,24.167241,1614651240
"2021-03-02 12:59:00",臺南市七股區大埕里大埕65號附近,死亡1;受傷0,普通重型-機車,120.150974,23.149554,1614661140
"2021-03-02 14:48:00",屏東縣恆春鎮草埔路段,死亡1;受傷1,普通重型-機車;乘客-人,120.732865,22.015166,1614667680
"2021-03-02 16:00:00","高雄市三民區建國一路 / 高雄市三民區民族一路",死亡1;受傷0,自用-大貨車;普通重型-機車,120.318832,22.640090,1614672000
"2021-03-02 17:14:38",嘉義縣新港鄉大潭村164線與嘉85鄉道口,死亡1;受傷0,自用-小貨車(含客、貨兩用);普通重型-機車,120.365414,23.555628,1614676478
"2021-03-02 22:30:00",臺中市大里區新里里德芳路二段167號前0.0公尺,死亡1;受傷0,行人-人;民營客運-大客車,120.676383,24.103138,1614695400
"2021-03-02 23:10:44",新竹縣新豐鄉建興路2段657號前0.0公尺,死亡1;受傷1,自用-小客車;普通重型-機車;自用-小客車;自用-小客車,120.987113,24.897153,1614697844
"2021-03-03 07:48:00",臺中市烏日區中山路三段1183號前0.0公尺,死亡1;受傷0,自用-大貨車;腳踏自行車-慢車,120.589140,24.113335,1614728880
"2021-03-03 09:32:00",彰化縣永靖鄉港西村中山路1段708號前0.0公尺,死亡1;受傷1,腳踏自行車-慢車;自用-大貨車,120.544928,23.915293,1614735120
"2021-03-03 17:13:18",臺南市後壁區長短樹里南80線頂長高幹33前,死亡1;受傷0,普通重型-機車;自用-小客車,120.319442,23.360567,1614762798
"2021-03-03 17:30:00","高雄市三民區鼎力路 / 高雄市三民區天祥一路",死亡1;受傷1,普通重型-機車;普通重型-機車,120.322184,22.666947,1614763800
"2021-03-03 20:38:00",新北市五股區新北市五股區四維路與國道路3段,死亡1;受傷0,營業用-大貨車;腳踏自行車-慢車,121.467370,25.073427,1614775080
"2021-03-04 07:09:00","桃園市大園區許厝港路口 / 桃園市大園區潮音二路口",死亡1;受傷0,自用-大貨車;普通重型-機車,121.170082,25.077525,1614812940
"2021-03-04 17:26:00","高雄市苓雅區中正一路 / 高雄市苓雅區高速公路西側便道",死亡1;受傷0,自用-小客車;普通重型-機車,120.331817,22.628148,1614849960
"2021-03-04 18:22:00","臺東縣臺東市中華路2段口 / 臺東縣臺東市衡陽路口",死亡1;受傷0,自用-小貨車(含客、貨兩用);普通重型-機車,121.133513,22.742034,1614853320
"2021-03-04 23:00:39",宜蘭縣頭城鎮環鎮東路二段與大武路口,死亡1;受傷0,腳踏自行車-慢車;自用-小客車;自用-小客車,121.831230,24.864267,1614870039
"2021-03-05 03:14:00","臺北市大同區延平北路3段 / 臺北市大同區民權西路",死亡1;受傷1,普通重型-機車;行人-人,121.511220,25.062788,1614885240
"2021-03-05 04:00:00","臺北市信義區忠孝東路4段 / 臺北市信義區基隆路1段",死亡1;受傷1,普通重型-機車;行人-人,121.564400,25.041240,1614888000
"2021-03-05 08:11:00",臺東縣鹿野鄉永安村福鹿路138巷與福鹿路路口,死亡1;受傷0,普通重型-機車;自用-小客車,121.122181,22.933894,1614903060
"2021-03-05 09:49:00","高雄市大社區和平路1段 / 高雄市大社區和平路1段",死亡1;受傷0,自用-小貨車(含客、貨兩用);普通重型-機車,120.361410,22.735629,1614908940
"2021-03-05 15:34:00","桃園市大溪區康莊路3段附近 / 桃園市大溪區康莊路3段附近",死亡1;受傷1,自用-小貨車(含客、貨兩用);乘客-人,121.272334,24.840346,1614929640
"2021-03-05 17:24:00","臺中市南屯區楓樹里環中路五段 / 臺中市南屯區楓樹里精誠南路",死亡1;受傷0,普通重型-機車;自用-小貨車(含客、貨兩用),120.640331,24.116975,1614936240
"2021-03-06 00:59:59",桃園市八德區興豐路1151號前0.0公尺,死亡1;受傷0,普通重型-機車,121.305570,24.936677,1614963599
"2021-03-06 04:40:01","南投縣信義鄉投97 9公里300.0公尺處東側向內側",死亡1;受傷0,自用-小貨車(含客、貨兩用);乘客-人;乘客-人,120.987632,23.667976,1614976801
"2021-03-06 06:22:28","宜蘭縣員山鄉內城村八甲路台電電桿內城(96 R9R12L4 E8770 AD32))",死亡1;受傷0,普通重型-機車,121.696710,24.721733,1614982948
"2021-03-06 06:40:00",嘉義縣民雄鄉文隆村山腳1之78號前,死亡1;受傷1,自用-小客車;自用-小客車;行人-人,120.432671,23.533657,1614984000
"2021-03-06 10:10:32",雲林縣虎尾鎮虎興東二路與永興南七路口,死亡1;受傷0,營業用-大貨車;自用-小客車,120.420029,23.726251,1614996632
"2021-03-06 11:22:00","花蓮縣新城鄉台8線 187公里500.0公尺處西側向路肩",死亡1;受傷0,大型重型2(250-550C.C.)-機車,121.636724,24.136321,1615000920
"2021-03-06 13:39:00",澎湖縣西嶼鄉澎3號道與縣道203線岔路口(竹灣段),死亡1;受傷1,普通重型-機車;自用-小客車;乘客-人;乘客-人,119.513771,23.616312,1615009140
"2021-03-07 02:58:00","澎湖縣馬公市西文里縣道204道路口 / 澎湖縣馬公市西文里新店路口",死亡1;受傷0,自用-小客車;普通重型-機車;乘客-人,119.587309,23.564898,1615057080
"2021-03-07 20:49:23","花蓮縣新城鄉台9線 180.5公里附近向機、慢車道",死亡1;受傷2,普通重型-機車;電動自行車-慢車;乘客-人,121.605842,24.055256,1615121363
"2021-03-08 10:02:00","彰化縣彰化市國聖里國聖路 / 彰化縣彰化市國聖里國聖路",死亡1;受傷0,自用-小貨車(含客、貨兩用);普通重型-機車,120.546078,24.057431,1615168920
"2021-03-09 00:50:00",臺中市霧峰區乾溪東路,死亡1;受傷0,普通重型-機車;自用-小貨車(含客、貨兩用),120.693021,24.058598,1615222200
"2021-03-09 08:25:00","臺中市霧峰區中正里四德路 / 臺中市霧峰區中正里林森路",死亡1;受傷0,自用-大貨車;腳踏自行車-慢車,120.695931,24.065745,1615249500
"2021-03-09 11:02:46",苗栗縣苑裡鎮苗140線編號日田幹165電桿前,死亡1;受傷0,普通重型-機車,120.692689,24.373358,1615258966
"2021-03-09 11:46:43",雲林縣二崙鄉大義村路燈130處路口,死亡1;受傷0,電動自行車-慢車;自用-小客車;乘客-人,120.385316,23.792957,1615261603
"2021-03-09 15:31:00",屏東縣長治鄉下寮巷(溪埔寮幹33R號前),死亡1;受傷0,普通重型-機車,120.540815,22.675335,1615275060
"2021-03-09 16:53:00",臺南市後壁區竹新里新厝26號前南78-線上(仕安高幹2號),死亡1;受傷0,普通重型-機車,120.308472,23.340629,1615279980
"2021-03-09 23:07:00",高雄市仁武區水管路竹後0044路燈號前0.0公尺前,死亡1;受傷0,普通重型-機車,120.328873,22.706374,1615302420
"2021-03-10 10:30:10","臺南市東山區縣165線 16公里600.0公尺處南側向內側",死亡1;受傷0,自用-小貨車(含客、貨兩用);普通重型-機車,120.406976,23.328906,1615343410
"2021-03-10 13:55:17","臺南市關廟區國道3號 357公里北側向交流道",死亡1;受傷3,自用-小客車;乘客-人;乘客-人;乘客-人,120.333961,22.971824,1615355717
"2021-03-10 16:41:00",新北市新莊區新北市新莊區重新堤外道路808241燈桿前往三重,死亡1;受傷0,自用-小貨車(含客、貨兩用);普通重型-機車,121.453971,25.033547,1615365660
"2021-03-10 19:23:10",屏東縣里港鄉三和路102之4號前,死亡2;受傷0,自用-小客車;行人-人;行人-人;乘客-人,120.503502,22.810391,1615375390
"2021-03-10 23:41:00",屏東縣萬丹鄉萬丹路2段285號前0.0公尺,死亡1;受傷1,普通重型-機車;行人-人,120.487016,22.607177,1615390860
"2021-03-11 06:35:00","臺南市西港區台19線 126公里500.0公尺處北側向四岔路口",死亡1;受傷0,自用-小貨車(含客、貨兩用);普通重型-機車,120.196822,23.137139,1615415700
"2021-03-11 10:35:00","臺北市文山區羅斯福路4段 / 臺北市文山區基隆路4段",死亡1;受傷0,自用-小客車;行人-人,121.537085,25.010750,1615430100
"2021-03-11 17:24:00","南投縣鹿谷鄉投100  10.25公里處",死亡1;受傷0,自用-小貨車(含客、貨兩用);營業用-曳引車;營業用-曳引車,120.770637,23.810669,1615454640
"2021-03-11 20:50:00","臺中市清水區中社里港埠路三段 / 臺中市清水區中社里中社路",死亡1;受傷1,營業用-大貨車;自用-小客車,120.547085,24.275491,1615467000
"2021-03-12 01:32:00","臺中市中區綠川里建國路 / 臺中市中區綠川里民族路",死亡1;受傷0,普通重型-機車,120.683316,24.136360,1615483920
"2021-03-12 11:35:40",雲林縣西螺鎮公館里156縣道20K往東50公尺處,死亡1;受傷0,自用-小貨車(含客、貨兩用);拼裝車-其他車,120.442383,23.747926,1615520140
"2021-03-12 12:40:13","新竹縣湖口鄉達生路口 / 新竹縣湖口鄉中正七街口",死亡1;受傷0,普通重型-機車;自用-小貨車(含客、貨兩用),121.043324,24.896586,1615524013
"2021-03-12 20:19:00",高雄市大社區中山路711號前0.0公尺前,死亡1;受傷2,自用-小客車;普通重型-機車;自用-小貨車(含客、貨兩用);乘客-人,120.366026,22.730079,1615551540
"2021-03-13 02:16:49",屏東縣鹽埔鄉民治路126之1號前,死亡1;受傷0,普通重型-機車,120.580293,22.726795,1615573009
"2021-03-13 02:50:48",桃園市楊梅區楊湖路1段94號前200.0公尺,死亡1;受傷0,自用-小客車,121.139371,24.909292,1615575048
"2021-03-13 04:43:57",臺南市龍崎區崎頂里新市子104號,死亡1;受傷0,普通重型-機車,120.364167,22.964307,1615581837
"2021-03-13 12:20:00",桃園市新屋區社子里興福路346巷53弄168號前0.0公尺附近,死亡1;受傷0,普通重型-機車,121.081527,24.964233,1615609200
"2021-03-13 14:20:39",桃園市龜山區長峰路36號前10.0公尺,死亡1;受傷0,腳踏自行車-慢車,121.341571,25.001575,1615616439
"2021-03-13 23:06:00","臺南市下營區宅內里中正北路口 / 臺南市下營區中正北路口",死亡1;受傷0,自用-小客車,120.258018,23.244882,1615647960
"2021-03-14 02:05:00",嘉義縣中埔鄉和美村忠義路與和美路口,死亡1;受傷1,普通重型-機車;自用-小客車,120.471521,23.458430,1615658700
"2021-03-15 02:15:00","臺東縣東河鄉台11線 147公里700.0公尺處北側向路肩",死亡1;受傷5,自用-小客車;乘客-人;乘客-人;乘客-人;乘客-人;乘客-人,121.206248,22.864122,1615745700
"2021-03-15 04:33:00",彰化縣大村鄉平和村山腳路142-13號前0.0公尺前,死亡1;受傷0,自用-小貨車(含客、貨兩用);普通重型-機車;自用-小客車,120.578713,23.998580,1615753980
"2021-03-15 09:13:00",高雄市楠梓區村左楠路4號前0.0公尺,死亡1;受傷0,自用-小客車;行人-人,120.302392,22.709029,1615770780
"2021-03-15 11:45:00","臺中市清水區中山路 / 臺中市清水區文化路",死亡1;受傷0,普通重型-機車;自用-小客車;自用-小客車,120.573685,24.264311,1615779900
"2021-03-15 12:00:00",臺中市大里區夏田里環河路一段408號前0.0公尺,死亡1;受傷0,普通重型-機車;營業用-曳引車,120.670578,24.083935,1615780800
"2021-03-15 14:19:19",南投縣埔里鎮中山路四段106號旁,死亡1;受傷0,拼裝車-其他車;行人-人,120.932747,23.967181,1615789159
"2021-03-15 15:21:17",雲林縣北港鎮草湖里台19線公路與產業道路口,死亡1;受傷0,自用-大貨車;普通重型-機車,120.307118,23.610451,1615792877
"2021-03-15 20:49:00","臺中市北屯區三光里太原路三段 / 臺中市北屯區三光里九龍街",死亡1;受傷1,電動輔助自行車-慢車;普通重型-機車,120.695365,24.164937,1615812540
"2021-03-16 06:58:59","新竹縣新埔鎮文山里文山路口 / 新竹縣新埔鎮文山里陽明街口",死亡1;受傷1,普通重型-機車;行人-人,121.034552,24.830958,1615849139
"2021-03-16 07:26:00",苗栗縣苑裡鎮台一線141.9K處南下車道,死亡1;受傷0,普通重型-機車,120.644628,24.435238,1615850760
"2021-03-16 09:34:00","臺北市文山區興隆路3段 / 臺北市文山區萬芳路",死亡1;受傷0,民營客運-大客車;行人-人,121.560044,24.996802,1615858440
"2021-03-16 10:55:00","臺南市東山區聖賢里區道南314線附近 / 臺南市東山區聖賢里區道南102線附近",死亡1;受傷0,普通重型-機車,120.357309,23.309714,1615863300
"2021-03-16 11:13:00","高雄市岡山區鵬程路 / 高雄市岡山區鵬程西街",死亡1;受傷0,自用-小客車;普通重型-機車,120.296055,22.789302,1615864380
"2021-03-16 16:19:50","宜蘭縣蘇澳鎮台9線 114公里700.0公尺處北側",死亡6;受傷39,遊覽車-大客車;乘客-人;乘客-人;乘客-人;乘客-人;乘客-人;乘客-人;乘客-人;乘客-人;乘客-人;乘客-人;乘客-人;乘客-人;乘客-人;乘客-人;乘客-人;乘客-人;乘客-人;乘客-人;乘客-人;乘客-人;乘客-人;乘客-人;乘客-人;乘客-人;乘客-人;乘客-人;乘客-人;乘客-人;乘客-人;乘客-人;乘客-人;乘客-人;乘客-人;乘客-人;乘客-人;乘客-人;乘客-人;乘客-人;乘客-人;乘客-人;乘客-人;乘客-人;乘客-人;乘客-人,121.832546,24.507860,1615882790
"2021-03-16 17:35:00","高雄市美濃區清水街 / 高雄市美濃區八德街",死亡1;受傷0,自用-小客車;普通重型-機車,120.527500,22.860750,1615887300
"2021-03-16 17:37:15",臺南市麻豆區井東里安業113號前路口,死亡1;受傷0,自用-小貨車(含客、貨兩用);行人-人,120.247074,23.160886,1615887435
"2021-03-16 19:06:07","宜蘭縣三星鄉尚貴路一段219號 往東80公尺",死亡1;受傷0,普通重型-機車;自用-小貨車(含客、貨兩用),121.708792,24.693859,1615892767
"2021-03-17 05:28:00",屏東縣長治鄉中興路與光華巷口前,死亡1;受傷0,營業用-小貨車(含客、貨兩用);行人-人,120.533334,22.690554,1615930080
"2021-03-17 08:21:00",彰化縣福興鄉大崙村大崙街13-23號前20.0公尺北側,死亡1;受傷0,自用-大貨車;腳踏自行車-慢車,120.475589,24.039576,1615940460
"2021-03-17 09:49:00",臺中市烏日區光明里五光路復光三巷157號前0.0公尺,死亡1;受傷0,動力機械-其他車;普通重型-機車;營業用-大貨車,120.640818,24.100371,1615945740
"2021-03-17 11:34:00",雲林縣虎尾鎮墾地里學府二路與科園路口,死亡1;受傷1,普通重型-機車;自用-小客車,120.413202,23.741815,1615952040
"2021-03-17 18:27:27","苗栗縣獅潭鄉台3線 110公里800.0公尺處北側向內側",死亡1;受傷0,自用-小客車;行人-人,120.931642,24.562266,1615976847
"2021-03-17 19:26:00",彰化縣埔心鄉舊舘村中正路2段155號前0.0公尺前,死亡1;受傷0,電動自行車-慢車;自用-小貨車(含客、貨兩用);乘客-人,120.523755,23.949288,1615980360
"2021-03-17 20:38:28",雲林縣口湖鄉台子村台興路,死亡1;受傷0,普通重型-機車,120.143870,23.565887,1615984708
"2021-03-18 03:57:00","臺中市南區崇倫里三民西路 / 臺中市南區崇倫里東興路",死亡1;受傷2,自用-小客車;營業用-小貨車(含客、貨兩用);乘客-人,120.653263,24.128829,1616011020
"2021-03-18 11:19:00",新北市新店區新北市新店區安業街與安利街旁,死亡1;受傷1,普通重型-機車;普通重型-機車,121.521187,24.974137,1616037540
"2021-03-18 11:56:00",嘉義縣水上鄉粗溪村台1線274公里100公尺處北向車道,死亡2;受傷2,自用-小客車;自用-小客車;自用-小客車;普通重型-機車;普通重型-機車;乘客-人;乘客-人,120.399771,23.435194,1616039760
"2021-03-18 21:11:00",新北市新莊區新北市新莊區新北大道7段與壽山路,死亡1;受傷1,大型重型1(550C.C.以上)-機車;自用-小客車,121.412075,25.028492,1616073060
"2021-03-19 07:32:00",苗栗縣苗栗市文發路、文發路255巷口,死亡1;受傷0,自用-小客車;行人-人,120.811976,24.573749,1616110320
"2021-03-19 08:33:00",高雄市大樹區興田路興田0205燈桿號前0.0公尺,死亡1;受傷0,自用-小客車;行人-人,120.301520,22.627160,1616113980
"2021-03-19 12:30:00",嘉義縣番路鄉草山村台三線313公里500公尺處,死亡1;受傷2,普通重型-機車;普通重型-機車;乘客-人,120.613456,23.379417,1616128200
"2021-03-19 15:03:00",新北市樹林區新北市樹林區柑園街2段175巷與佳園路3段68巷,死亡1;受傷0,腳踏自行車-慢車;自用-小客車,121.380898,24.951979,1616137380
"2021-03-19 16:42:00","宜蘭縣蘇澳鎮中山路2段口 / 宜蘭縣蘇澳鎮中山路2段口",死亡1;受傷0,大型重型2(250-550C.C.)-機車,121.834269,24.603032,1616143320
"2021-03-19 16:46:00","高雄市大社區光華路 / 高雄市大社區保舍甲路",死亡1;受傷0,普通重型-機車;普通重型-機車,120.347548,22.746606,1616143560
"2021-03-20 05:40:12","苗栗縣後龍鎮台6線 500.0公尺處西側",死亡1;受傷0,行人-人;自用-小客車;乘客-人,120.780618,24.601395,1616190012
"2021-03-20 11:14:00","臺中市北區育德里中清路 / 臺中市北區育德里育德路",死亡1;受傷0,自用-小客車;普通重型-機車,120.676246,24.157489,1616210040
"2021-03-20 11:42:00",桃園市新屋區下埔里文化路三段南下車道50.8K附近(永安所;Q110030367),死亡1;受傷0,電動自行車-慢車;自用-小客車,121.047216,25.010155,1616211720
"2021-03-20 14:03:00",臺中市梧棲區北上153K處,死亡3;受傷0,營業用-大貨車;自用-小客車;乘客-人;乘客-人,120.538758,24.255833,1616220180
"2021-03-20 14:48:22",桃園市八德區長興路350-5號前0.0公尺,死亡1;受傷0,營業用-小貨車(含客、貨兩用);普通重型-機車,121.276621,24.931638,1616222902
"2021-03-20 23:46:08",臺南市安南區台江大道二段(近工明五路口),死亡1;受傷0,自用-小客車,120.203844,23.058390,1616255168
"2021-03-21 03:55:00",高雄市仁武區高楠公路62號前0.0公尺,死亡1;受傷0,普通重型-機車,120.323793,22.701434,1616270100
"2021-03-21 06:05:00",嘉義縣中埔鄉金蘭村金蘭24-3號,死亡1;受傷0,自用-小貨車(含客、貨兩用);電動自行車-慢車,120.506848,23.444068,1616277900
"2021-03-21 16:50:01",屏東縣新園鄉興安路5號前,死亡1;受傷0,普通重型-機車,120.463904,22.512014,1616316601
"2021-03-21 21:32:00",新北市五股區新北市五股區新五路2段與蓬萊路,死亡1;受傷0,遊覽車-大客車;普通重型-機車,121.438610,25.078531,1616333520
"2021-03-23 06:50:00","臺北市信義區松山路 / 臺北市信義區福德街",死亡1;受傷0,民營公車-大客車;行人-人,121.578536,25.036229,1616453400
"2021-03-23 15:02:32",苗栗縣卓蘭鎮中正路145號前0.0公尺,死亡1;受傷0,自用-大貨車;腳踏自行車-慢車,120.828424,24.312061,1616482952
"2021-03-23 16:50:12",臺南市安南區長和路1段1巷(台電大豐高幹108-1電桿)前,死亡1;受傷0,普通重型-機車;自用-大貨車,120.238379,23.052107,1616489412
"2021-03-23 17:39:14",嘉義縣太保市新埤里台18線與嘉49線路口,死亡1;受傷0,自用-大貨車;自用-小客車,120.334605,23.475235,1616492354
"2021-03-23 22:42:00","臺北市大同區鄭州路 / 臺北市大同區西寧北路",死亡1;受傷0,自用-小客車;普通重型-機車,121.508202,25.050605,1616510520
"2021-03-23 23:07:00",新竹縣湖口鄉新興路560之2號前0.0公尺附近,死亡1;受傷0,自用-小客車;普通重型-機車;自用-小貨車(含客、貨兩用),121.005827,24.878083,1616512020
"2021-03-24 18:00:00","高雄市大寮區鳳林一路 / 高雄市大寮區無名路",死亡1;受傷0,營業用-半聯結車;普通重型-機車,120.401191,22.584481,1616580000
"2021-03-25 04:00:00","高雄市三民區國道1號 364公里800.0公尺處南側向外側",死亡1;受傷1,自用-小客車;自用-小客車,120.333205,22.656458,1616616000
"2021-03-25 05:38:00",臺中市霧峰區四德里四德北路63號前0.0公尺,死亡1;受傷0,自用-小貨車(含客、貨兩用);腳踏自行車-慢車,120.664852,24.064608,1616621880
"2021-03-25 16:40:00",彰化縣溪湖鎮番婆里彰水路2段463號前0.0公尺,死亡1;受傷0,自用-小貨車(含客、貨兩用);其他人-人,120.480675,23.945903,1616661600
"2021-03-25 19:39:00",雲林縣虎尾鎮惠來里145乙與產業道路口,死亡1;受傷0,營業用-曳引車;普通重型-機車,120.495705,23.730013,1616672340
"2021-03-26 06:00:00",新北市鶯歌區新北市鶯歌區福德一路1號旁,死亡1;受傷0,自用-曳引車;普通重型-機車,121.326089,24.935055,1616709600
"2021-03-26 07:38:00","高雄市岡山區介壽西路 / 高雄市岡山區頂潭路",死亡1;受傷0,普通重型-機車;自用-小貨車(含客、貨兩用),120.275737,22.784280,1616715480
"2021-03-26 08:39:36",屏東縣萬丹鄉萬生村大學路103號前0.0公尺,死亡1;受傷0,營業用-曳引車;普通重型-機車,120.517402,22.597528,1616719176
"2021-03-26 20:55:00",臺南市左鎮區榮和里菜寮97號旁產業道路口,死亡1;受傷0,普通重型-機車,120.399183,23.061385,1616763300
"2021-03-26 21:50:00",苗栗縣公館鄉五谷村五谷128-5號前水溝,死亡1;受傷0,普通重型-機車,120.816108,24.523414,1616766600
"2021-03-26 22:50:13",臺南市安定區港南里國道8號側車道港口1-26號前0.0公尺,死亡1;受傷0,自用-小客車;乘客-人,120.225706,23.085733,1616770213
"2021-03-26 23:48:00","高雄市大寮區興隆路 / 高雄市大寮區東隆街",死亡1;受傷0,自用-小客車;普通重型-機車,120.412430,22.607671,1616773680
"2021-03-27 02:33:00",臺南市永康區中正北路與龍橋街口,死亡1;受傷0,普通重型-機車;自用-小客車,120.261836,23.045786,1616783580
"2021-03-27 07:30:00",高雄市美濃區復興街1段411巷中壇238電桿號前0.0公尺,死亡1;受傷0,普通重型-機車,120.548881,22.872118,1616801400
"2021-03-27 11:18:00",臺中市南區南和里工學路40號前0.0公尺,死亡1;受傷0,自用-小貨車(含客、貨兩用);人力車-慢車;自用-小客車,120.666078,24.117029,1616815080
"2021-03-27 15:41:43",苗栗縣苑裡鎮山柑里山柑2-1號旁二姐檳榔攤前,死亡1;受傷1,普通重型-機車;普通重型-機車,120.677302,24.388185,1616830903
"2021-03-27 16:18:24",嘉義縣大林鎮排路里162線與早知路路口,死亡1;受傷1,自用-大貨車;普通重型-機車;乘客-人,120.429706,23.613579,1616833104
"2021-03-27 16:55:00","彰化縣埤頭鄉豊崙村彰水路4段 / 彰化縣埤頭鄉豊崙村彰水路4段",死亡1;受傷0,普通重型-機車;自用-小客車,120.474515,23.921561,1616835300
"2021-03-27 20:52:00",高雄市大寮區鳳林三路373巷7之5號前0.0公尺,死亡1;受傷1,普通重型-機車;行人-人,120.396500,22.601710,1616849520
"2021-03-28 09:21:41","桃園市大溪區國道3號 58公里300.0公尺處北側向輔助",死亡1;受傷2,自用-小客車;營業用-半聯結車;營業用-半聯結車;乘客-人,121.261727,24.886544,1616894501
"2021-03-28 11:25:00",嘉義縣中埔鄉石硦村台三線309公里400公尺處,死亡1;受傷0,普通重型-機車;自用-小貨車(含客、貨兩用),120.583205,23.373379,1616901900
"2021-03-28 18:20:00",臺南市安南區安明路2段路燈117號前0.0公尺,死亡1;受傷1,普通重型-機車;乘客-人,120.159562,23.038870,1616926800
"2021-03-29 05:08:00",彰化縣伸港鄉大同村中興路2段88號前0.0公尺前,死亡1;受傷0,自用-小客車;自用-小貨車(含客、貨兩用);自用-小客車;自用-小客車,120.485895,24.158920,1616965680
"2021-03-29 10:55:00",臺中市新社區電桿成功幹163旁,死亡1;受傷0,大型重型2(250-550C.C.)-機車,120.888245,24.097551,1616986500
"2021-03-29 16:17:00",桃園市桃園區龍壽街125號前0.0公尺附近,死亡1;受傷1,腳踏自行車-慢車;普通重型-機車;自用-小客車,121.268315,24.981672,1617005820
"2021-03-29 18:32:00",南投縣南投市中正路194號,死亡1;受傷0,自用-小客車;其他人-人,120.691121,23.948843,1617013920
"2021-03-29 21:02:00",臺中市神岡區圳前里中山路1720巷60號前0.0公尺,死亡1;受傷0,普通重型-機車;行人-人,120.652993,24.264298,1617022920
"2021-03-30 09:30:00",嘉義縣民雄鄉福興村牛稠溪1739號旁路口,死亡1;受傷0,普通重型-機車,120.420861,23.515962,1617067800
"2021-03-30 11:08:00",屏東縣新園鄉港墘村港墘路2之398號號前0.0公尺附近,死亡1;受傷0,普通重型-機車,120.465870,22.534542,1617073680
"2021-03-31 07:45:00",高雄市鳥松區文前路鳥松0047號前0.0公尺,死亡1;受傷0,普通重型-機車,120.348819,22.667292,1617147900
"2021-03-31 10:55:00","臺中市南屯區楓樹里環中路五段 / 臺中市南屯區楓樹里永春東三路",死亡1;受傷0,自用-大貨車;普通重型-機車,120.631041,24.149175,1617159300
"2021-03-31 12:09:00",高雄市左營區軍校路82號前0.0公尺,死亡1;受傷1,普通重型-機車;自用-小客車;普通重型-機車,120.292626,22.689906,1617163740
"2021-04-01 06:56:00","臺中市南區江川里建成路 / 臺中市南區江川里復興園路",死亡1;受傷0,自用-小貨車(含客、貨兩用);普通重型-機車,120.672009,24.126484,1617231360
"2021-04-01 09:01:00",高雄市前鎮區中山四路.號前0.0公尺,死亡1;受傷1,營業用-大貨車;營業用-半聯結車;自用-小貨車(含客、貨兩用);乘客-人,120.332117,22.576724,1617238860
"2021-04-01 10:50:11",花蓮縣壽豐鄉中山路3段92號前0.0公尺,死亡1;受傷0,自用-小客車;行人-人;普通重型-機車;自用-小客車,121.530914,23.909678,1617245411
"2021-04-01 22:53:00","花蓮縣玉里鎮台30線 20公里500.0公尺處",死亡1;受傷1,普通重型-機車;乘客-人,121.337744,23.290706,1617288780
"2021-04-02 02:10:13",宜蘭縣冬山鄉廣興路165號前0.0公尺附近,死亡1;受傷0,自用-小客車;行人-人,121.749843,24.670097,1617300613
"2021-04-02 04:33:00","高雄市鳳山區澄清路 / 高雄市鳳山區中山西路",死亡1;受傷1,普通重型-機車;自用-小貨車(含客、貨兩用),120.341900,22.630160,1617309180
"2021-04-02 07:08:00",新北市石碇區新北市石碇區北宜公路27.3公里處,死亡1;受傷0,普通重型-機車;營業用-大貨車,121.677618,24.937839,1617318480
"2021-04-02 20:15:36",臺南市善化區蓮潭里目加溜灣大道前0.0公尺,死亡1;受傷0,普通重型-機車,120.307239,23.119163,1617365736
"2021-04-02 22:18:43",新竹縣寶山鄉新湖路三段溪峰高幹164,死亡1;受傷1,普通重型-機車;乘客-人,121.004430,24.718997,1617373123
"2021-04-03 13:13:00",高雄市林園區工業二路林工二047號前0.0公尺,死亡1;受傷0,普通重型-機車,120.394400,22.509230,1617426780
"2021-04-03 16:20:00",嘉義縣大埔鄉西興村台三線351公里500公尺處,死亡1;受傷0,自用-小客車;普通重型-機車;普通重型-機車;營業用-曳引車,120.598792,23.301073,1617438000
"2021-04-04 03:23:15",桃園市大園區田溪路照鏡橋旁,死亡1;受傷1,普通重型-機車;乘客-人,121.197903,25.033247,1617477795
"2021-04-04 09:11:23","花蓮縣秀林鄉台8線 160.8公里附近",死亡1;受傷0,腳踏自行車-慢車,121.487902,24.198777,1617498683
"2021-04-04 11:12:00",彰化縣溪湖鎮河東里環河路1段前0.0公尺,死亡1;受傷0,普通重型-機車,120.483431,23.966865,1617505920
"2021-04-04 11:15:00","高雄市前鎮區后平路 / 高雄市前鎮區后安路",死亡1;受傷0,普通重型-機車;自用-小客車,120.321232,22.572595,1617506100
"2021-04-04 13:04:35",新竹縣新埔鎮文山路亞東段127號附近(電桿:遠東高幹7E0693GA97),死亡1;受傷1,自用-小客車;乘客-人,121.061854,24.824496,1617512675
"2021-04-04 21:00:00","桃園市大園區國道2號 4公里400.0公尺處東側向路肩",死亡1;受傷0,自用-小客車,121.213828,25.056851,1617541200
"2021-04-05 03:23:00","南投縣信義鄉投97 7公里700.0公尺處",死亡1;受傷0,普通重型-機車,120.940588,23.830053,1617564180
"2021-04-05 07:10:00",高雄市甲仙區台29省道41公里號前0.0公尺,死亡1;受傷6,租賃車-小客車;自用-小客車;乘客-人;乘客-人;乘客-人;乘客-人;乘客-人,120.552023,23.045031,1617577800
"2021-04-05 11:32:48","苗栗縣頭份市中正一路口 / 苗栗縣頭份市中正一路口",死亡1;受傷1,自用-小貨車(含客、貨兩用);普通重型-機車;乘客-人,120.938685,24.683069,1617593568
"2021-04-05 14:04:00",屏東縣萬巒鄉保安路1-2號旁,死亡2;受傷1,普通重型-機車;乘客-人;乘客-人,120.607415,22.616866,1617602640
"2021-04-06 02:35:00","臺南市佳里區縣176線 14公里800.0公尺處東側向路肩",死亡1;受傷0,普通重型-機車,120.203713,23.172437,1617647700
"2021-04-06 03:04:00",彰化縣田中鎮三安里員集路1段400號前0.0公尺,死亡1;受傷0,自用-小客車;行人-人,120.595635,23.844232,1617649440
"2021-04-06 15:00:00",高雄市林園區林內路45巷28號前0.0公尺,死亡1;受傷0,電動輔助自行車-慢車,120.400994,22.532839,1617692400
"2021-04-06 17:04:00",桃園市八德區和平路870號前0.0公尺,死亡1;受傷0,自用-大貨車;行人-人;自用-小客車,121.319456,24.959296,1617699840
"2021-04-08 09:13:00","臺北市大安區忠孝東路4段 / 臺北市大安區敦化南路1段",死亡1;受傷0,自用-小貨車(含客、貨兩用);普通重型-機車,121.553466,25.041680,1617844380
"2021-04-08 11:30:00",彰化縣埔鹽鄉新水村大新路1弄10-8號前0.0公尺附近,死亡1;受傷0,普通重型-機車;自用-小客車,120.443777,23.988773,1617852600
"2021-04-08 12:05:00",新北市鶯歌區新北市鶯歌區文化路407號,死亡1;受傷1,自用-小貨車(含客、貨兩用);普通重型-機車;乘客-人,121.353220,24.949439,1617854700
"2021-04-08 18:44:23",臺南市東山區聖賢里南314線4.5公里處,死亡1;受傷0,普通重型-機車,120.351522,23.308267,1617878663
"2021-04-09 07:21:00",桃園市桃園區南平路橋上近春日路(M110040474)同安所,死亡1;受傷1,普通重型-機車;普通重型-機車,121.307160,25.021462,1617924060
"2021-04-09 09:34:00",嘉義縣民雄鄉松山村松子腳38之4號旁,死亡1;受傷2,自用-小客車;乘客-人;乘客-人,120.472417,23.540523,1617932040
"2021-04-09 16:30:00",桃園市大園區中正東路1段330號前0.0公尺,死亡1;受傷0,自用-小客車;普通重型-機車,121.198252,25.064041,1617957000
"2021-04-10 07:12:00",新北市樹林區新北市樹林區中和街78之1號旁,死亡1;受傷0,普通重型-機車,121.382827,24.980909,1618009920
"2021-04-10 12:30:07","臺南市麻豆區南48 500.0公尺處西側",死亡1;受傷0,普通重型-機車,120.228215,23.168182,1618029007
"2021-04-10 13:54:00",高雄市橋頭區橋新六路新莊035燈桿號前0.0公尺,死亡1;受傷0,普通重型-機車,120.310347,22.747695,1618034040
"2021-04-10 16:07:00",苗栗縣頭份市中華路與科東二路口,死亡1;受傷0,自用-小貨車(含客、貨兩用);自用-小客車;自用-小客車,120.920972,24.701958,1618042020
"2021-04-10 17:45:00",新北市三重區新北市三重區疏洪十二路中山橋下,死亡1;受傷0,普通重型-機車;普通重型-機車,121.473932,25.061249,1618047900
"2021-04-10 18:42:06",臺南市南區86快速道路永成交流道匝道口,死亡1;受傷3,自用-小客車;乘客-人;乘客-人;乘客-人,120.192582,22.933338,1618051326
"2021-04-10 23:20:47","臺南市仁德區中正路一段口 / 臺南市仁德區中正路一段",死亡1;受傷0,普通重型-機車;自用-小客車,120.242058,22.926463,1618068047
"2021-04-11 14:05:00",雲林縣東勢鄉安南村縣道153北上慢車道4公里處,死亡1;受傷1,普通重型-機車;腳踏自行車-慢車,120.256158,23.707691,1618121100
"2021-04-11 18:38:00",彰化縣永靖鄉同安村永福路1段692號前0.0公尺前,死亡1;受傷0,普通重型-機車,120.527908,23.924058,1618137480
"2021-04-11 19:05:00","臺北市內湖區瑞光路 / 臺北市內湖區陽光街",死亡1;受傷0,普通重型-機車;自用-小客車,121.578903,25.073895,1618139100
"2021-04-11 22:24:00","臺北市松山區敦化北路 / 臺北市松山區八德路3段",死亡1;受傷1,普通重型-機車;行人-人,121.549165,25.048221,1618151040
"2021-04-12 09:36:00",桃園市觀音區中正路150號前0.0公尺,死亡1;受傷0,普通重型-機車;自用-小客車;營業用-曳引車,121.082363,25.033666,1618191360
"2021-04-12 11:57:00",新北市新店區新北市新店區北宜路18.8K,死亡1;受傷0,腳踏自行車-慢車,121.542779,24.953206,1618199820
"2021-04-12 12:50:00",嘉義縣太保市過溝里嘉56線5公里200公尺處,死亡1;受傷0,普通重型-機車;自用-小貨車(含客、貨兩用);營業用-大貨車,120.356358,23.493099,1618203000
"2021-04-12 12:53:00",臺南市七股區大埕里大埕448號,死亡1;受傷0,普通重型-機車;自用-小貨車(含客、貨兩用),120.140948,23.136229,1618203180
"2021-04-12 19:05:00","桃園市蘆竹區南崁路2段口 / 桃園市蘆竹區長興路4段口",死亡1;受傷1,普通重型-機車;營業用-大貨車;乘客-人,121.266856,25.062515,1618225500
"2021-04-12 20:46:00",南投縣草屯鎮新豐里成功路一段與成功路一段1057巷口,死亡1;受傷0,行人-人;自用-小貨車(含客、貨兩用),120.686858,23.992372,1618231560
"2021-04-12 22:58:00","彰化縣溪州鄉國道1號 221公里800.0公尺處北側向路肩",死亡1;受傷1,自用-小客車;自用-小客車;自用-小客車;自用-小客車;營業用-大貨車;乘客-人,120.484795,23.832316,1618239480
"2021-04-13 04:48:00",臺北市內湖區成功路2段179號前0.0公尺,死亡1;受傷0,自用-小客車;行人-人,121.590620,25.066251,1618260480
"2021-04-13 09:06:00","高雄市大寮區華中路 / 高雄市大寮區188縣道",死亡1;受傷0,普通重型-機車;營業用-大貨車,120.407774,22.586667,1618275960
"2021-04-13 09:27:00","彰化縣溪州鄉舊眉村溪斗路 / 彰化縣溪州鄉舊眉村移民路",死亡1;受傷0,自用-大貨車;普通重型-機車,120.521934,23.856987,1618277220
"2021-04-13 14:46:00","宜蘭縣蘇澳鎮海山東路口 / 宜蘭縣蘇澳鎮海山西路口",死亡1;受傷0,普通重型-機車;營業用-曳引車,121.837716,24.611750,1618296360
"2021-04-13 21:50:00",雲林縣東勢鄉東北村東勢東路,死亡1;受傷0,自用-小客車;行人-人,120.259939,23.675266,1618321800
"2021-04-14 01:27:00","臺中市西區後龍里民權路 / 臺中市西區後龍里後龍街",死亡1;受傷0,普通重型-機車;自用-小客車,120.669823,24.147341,1618334820
"2021-04-14 08:46:00",新北市泰山區新北市泰山區明志路2段273巷16弄20號,死亡1;受傷0,普通重型-機車;行人-人,121.427704,25.046482,1618361160
"2021-04-14 14:42:00",臺北市大安區長興街75號前0.0公尺,死亡1;受傷0,普通重型-機車,121.546432,25.015716,1618382520
"2021-04-14 22:03:00",雲林縣麥寮鄉海豐村海豐橋杉仔腳(麥寮鄉013299路燈)附近,死亡1;受傷0,普通重型-機車,120.226224,23.761961,1618408980
"2021-04-15 10:44:00",嘉義縣六腳鄉竹本村台19線76.8公里,死亡1;受傷0,普通重型-機車;自用-小客車,120.264524,23.525619,1618454640
"2021-04-15 17:37:39","新竹縣關西鎮縣118線 29.5公里附近向中線",死亡1;受傷0,普通重型-機車;拼裝車-其他車,121.203441,24.778366,1618479459
"2021-04-16 01:41:05","花蓮縣吉安鄉吉豐路3段北側 / 花蓮縣吉安鄉香源路口",死亡1;受傷0,普通重型-機車,121.577140,23.963375,1618508465
"2021-04-16 04:33:00",臺中市北屯區東山里東山路二段1巷8弄8-1號前0.0公尺,死亡1;受傷1,普通重型-機車;乘客-人,120.738312,24.179437,1618518780
"2021-04-16 08:39:00","臺南市善化區文正里光復路口 / 臺南市善化區文正里陽明路口",死亡1;受傷0,自用-小客車;普通重型-機車,120.285453,23.135285,1618533540
"2021-04-16 09:05:00",臺中市大里區新里里國光路二段147號前0.0公尺,死亡1;受傷2,自用-小客車;自用-小客車;普通重型-機車;自用-小客車;普通重型-機車;自用-小客車,120.681736,24.102608,1618535100
"2021-04-16 10:29:23","桃園市龜山區大湖路口 / 桃園市龜山區新興街口",死亡1;受傷0,租賃車-小客車;普通重型-機車;自用-小客車,121.352880,25.053251,1618540163
"2021-04-16 15:20:47","臺南市北區海安路三段口 / 臺南市北區和緯路口",死亡1;受傷0,普通重型-機車;營業用-大貨車,120.200615,23.011732,1618557647
"2021-04-16 16:33:00",臺南市東區東平路102號前0.0公尺,死亡1;受傷0,普通重型-機車;自用-小客車,120.230754,22.995366,1618561980
"2021-04-16 20:12:00","屏東縣獅子鄉台9線 451公里南側向內側",死亡1;受傷0,普通重型-機車;自用-小客車,120.736253,22.211192,1618575120
"2021-04-17 12:48:00",苗栗縣獅潭鄉台三線108公里往南車道,死亡1;受傷0,普通重型-機車,120.930260,24.523866,1618634880
"2021-04-17 13:05:00",屏東縣萬巒鄉屏東縣萬巒鄉萬巒鄉新厝村沿山公路與平和路口附近(屏185線44K處南下),死亡1;受傷4,自用-小客車;乘客-人;乘客-人;乘客-人;乘客-人,120.621732,22.591331,1618635900
"2021-04-17 17:10:00",臺中市西屯區福和里臺灣大道四段5巷281號前0.0公尺,死亡1;受傷0,普通重型-機車,120.628784,24.173432,1618650600
"2021-04-17 20:32:00",嘉義縣番路鄉新福村台三線284.8公里處,死亡1;受傷4,自用-小客車;遊覽車-大客車;乘客-人;乘客-人;乘客-人,120.532766,23.463013,1618662720
"2021-04-17 21:35:00",臺中市清水區近民族路口往北30公尺,死亡1;受傷0,自用-小客車,120.532895,24.272731,1618666500
"2021-04-18 01:51:37","苗栗縣竹南鎮國道3號 114公里600.0公尺處北側向外側",死亡1;受傷0,電動自行車-慢車;自用-小貨車(含客、貨兩用),120.876545,24.705293,1618681897
"2021-04-18 03:43:00",彰化縣彰化市香山里彰南路3段2弄前0.0公尺,死亡1;受傷0,普通重型-機車,120.592274,24.078295,1618688580
"2021-04-18 12:08:00",臺中市大甲區燈桿00092號前(南下近和平路),死亡1;受傷0,遊覽車-大客車;普通重型-機車,120.624111,24.357463,1618718880
"2021-04-18 19:18:07",屏東縣萬巒鄉泗溝村永全路永平路,死亡1;受傷0,自用-小客車;行人-人,120.580820,22.588206,1618744687
"2021-04-18 22:06:00",新北市泰山區新北市泰山區大科一路299號,死亡1;受傷1,普通重型-機車;乘客-人,121.432627,25.061234,1618754760
"2021-04-19 00:34:00",宜蘭縣員山鄉大湖路員山燈桿99089號附近,死亡1;受傷0,自用-小客車;行人-人,121.701355,24.744801,1618763640
"2021-04-19 11:18:00","高雄市前鎮區村金福路 / 高雄市前鎮區東亞路",死亡1;受傷0,營業用-曳引車;普通重型-機車,120.325803,22.569492,1618802280
"2021-04-19 11:25:00","桃園市蘆竹區大興路口 / 桃園市蘆竹區中興路口",死亡1;受傷0,普通重型-機車;自用-小貨車(含客、貨兩用),121.261485,25.012719,1618802700
"2021-04-19 19:49:00",新北市樹林區新北市樹林區東佳路與東和街,死亡1;受傷0,普通重型-機車,121.401483,24.976986,1618832940
"2021-04-20 06:44:44","花蓮縣花蓮市中山路口 / 花蓮縣花蓮市建國路口",死亡1;受傷0,自用-小客車;普通重型-機車,121.604405,23.983358,1618872284
"2021-04-20 13:15:00",新北市樹林區新北市樹林區八德街與堤外道路,死亡1;受傷0,自用-小貨車(含客、貨兩用);普通重型-機車,121.390575,24.968569,1618895700
"2021-04-20 21:53:00",高雄市前鎮區過港隧道前鎮往旗津方向機車道400公尺處,死亡1;受傷1,普通重型-機車;小型輕型-機車,120.318793,22.566788,1618926780
"2021-04-20 22:18:00","澎湖縣馬公市啟明里民福路口 / 澎湖縣馬公市啟明里仁愛路口",死亡1;受傷0,自用-小客車;行人-人,119.568249,23.564883,1618928280
"2021-04-21 07:05:34",苗栗縣苑裡鎮140線與苗43線路口,死亡1;受傷0,普通重型-機車;普通重型-機車,120.712954,24.360719,1618959934
"2021-04-21 09:49:00",桃園市桃園區桃鶯路474號前0.0公尺,死亡1;受傷0,營業用-曳引車;普通重型-機車,121.324388,24.973796,1618969740
"2021-04-21 13:55:50","苗栗縣後龍鎮台72線 2.8公里西側向內側",死亡1;受傷0,大型重型2(250-550C.C.)-機車,120.791811,24.611970,1618984550
"2021-04-21 17:50:00","彰化縣鹿港鎮海埔里鹿草路2段 / 彰化縣鹿港鎮海埔里鹿草路2段",死亡1;受傷0,腳踏自行車-慢車;自用-小客車,120.441126,24.073678,1618998600
"2021-04-21 19:20:00",苗栗縣銅鑼鄉銅鑼村19鄰中正路17號,死亡1;受傷0,營業用-曳引車;普通重型-機車,120.786152,24.481002,1619004000
"2021-04-21 21:39:00",臺中市沙鹿區電線桿神清幹13前,死亡1;受傷0,普通重型-機車,120.602976,24.260048,1619012340
"2021-04-22 09:39:42","宜蘭縣礁溪鄉191縣道路口 / 宜蘭縣礁溪鄉武暖路口",死亡1;受傷2,普通重型-機車;自用-小客車;乘客-人,121.777928,24.782060,1619055582
"2021-04-22 12:09:00","高雄市大社區中正路 / 高雄市大社區大社路",死亡1;受傷0,自用-大貨車;普通重型-機車,120.348891,22.733197,1619064540
"2021-04-22 14:27:00",高雄市梓官區信義路彌陀BB23號前0.0公尺,死亡1;受傷0,普通重型-機車,120.261566,22.764307,1619072820
"2021-04-22 16:16:30",宜蘭縣頭城鎮猴洞橋東端(台9線69.7K)附近,死亡1;受傷0,營業用-曳引車;普通重型-機車,121.822913,24.615380,1619079390
"2021-04-22 20:05:00","桃園市中壢區龍慈路口 / 桃園市中壢區龍岡路3段",死亡1;受傷0,行人-人;自用-小客車,121.236026,24.930096,1619093100
"2021-04-22 22:30:00",南投縣埔里鎮枇杷路83號附近,死亡1;受傷0,普通重型-機車,120.987811,23.952097,1619101800
"2021-04-23 07:40:00",高雄市阿蓮區民生路286號前0.0公尺,死亡1;受傷0,普通重型-機車,120.323303,22.888824,1619134800
"2021-04-23 12:45:00",臺南市新營區埤寮里埤寮96號,死亡1;受傷0,普通重型-機車;營業用-大貨車,120.320635,23.326986,1619153100
"2021-04-23 15:34:00",高雄市三民區明誠二路48號前0.0公尺,死亡1;受傷0,普通重型-機車;自用-小貨車(含客、貨兩用);自用-小貨車(含客、貨兩用),120.321600,22.666660,1619163240
"2021-04-23 18:01:44",南投縣草屯鎮山腳里富林路1段607號,死亡1;受傷0,普通重型-機車;自用-小客車,120.689448,23.970127,1619172104
"2021-04-23 20:35:00","臺中市梧棲區頂寮里大智路二段 / 臺中市梧棲區頂寮里八德路",死亡1;受傷0,行人-人;自用-小客車,120.532023,24.260495,1619181300
"2021-04-24 06:56:00",桃園市桃園區國際路一段413巷56號前0.0公尺,死亡1;受傷1,普通重型-機車;普通重型-機車,121.288176,24.970951,1619218560
"2021-04-24 14:14:00","屏東縣屏東市和生路二段口 / 屏東縣屏東市和生路二段口",死亡1;受傷0,普通重型-機車;自用-小客車,120.484568,22.651771,1619244840
"2021-04-24 15:35:00",高雄市六龜區荖濃里台27省道2.1公里號前0.0公尺,死亡1;受傷1,自用-小客車;乘客-人,120.668212,23.058331,1619249700
"2021-04-24 18:06:29",屏東縣枋寮鄉台17線與東林路口,死亡1;受傷0,普通重型-機車;自用-小客車,120.588774,22.394783,1619258789
"2021-04-25 01:58:00","臺北市中正區南海路 / 臺北市中正區和平西路2段",死亡1;受傷1,普通重型-機車;行人-人,121.509193,25.030489,1619287080
"2021-04-25 09:47:22","桃園市龜山區萬壽路2段口 / 桃園市龜山區新樂街口",死亡1;受傷0,普通重型-機車;自用-小客車;營業用-曳引車,121.362018,25.001666,1619315242
"2021-04-25 10:46:00",彰化縣竹塘鄉竹元村竹鹿路前0.0公尺,死亡1;受傷0,普通重型-機車,120.420757,23.859545,1619318760
"2021-04-25 16:50:00",桃園市桃園區桃鶯路220號前0.0公尺,死亡1;受傷1,自用-小客車;乘客-人,121.319660,24.980856,1619340600
"2021-04-26 00:08:00","高雄市鳳山區南榮路 / 高雄市鳳山區鳳南路",死亡1;受傷1,普通重型-機車;行人-人,120.335746,22.601128,1619366880
"2021-04-26 04:04:00",臺中市后里區公館里三豐路五段131號前0.0公尺,死亡1;受傷1,自用-小客車;乘客-人,120.728924,24.329658,1619381040
"2021-04-26 07:22:00",臺南市善化區嘉北里省道臺1線前0.0公尺,死亡1;受傷0,普通重型-機車;自用-大貨車,120.331601,23.148216,1619392920
"2021-04-26 11:40:00",新北市永和區新北市永和區中山路1段35號,死亡1;受傷0,普通重型-機車;自用-小客車,121.513195,25.010467,1619408400
"2021-04-26 16:52:00","高雄市阿蓮區台28省道 / 高雄市阿蓮區台39省道",死亡1;受傷0,營業用-曳引車;普通重型-機車,120.307700,22.877770,1619427120
"2021-04-26 18:53:00",雲林縣口湖鄉崙東村中山路(路燈編號076778旁),死亡1;受傷1,普通重型-機車;腳踏自行車-慢車,120.164878,23.617793,1619434380
"2021-04-27 15:50:00",彰化縣芳苑鄉崙腳村草崙路13弄78號前0.0公尺,死亡1;受傷0,動力機械-其他車;普通重型-機車,120.368247,23.961864,1619509800
"2021-04-27 19:40:00","新竹市東區忠孝路口 / 新竹市東區建功一路",死亡1;受傷0,電動自行車-慢車;自用-小客車,120.991682,24.803687,1619523600
"2021-04-28 01:28:00",桃園市桃園區新埔六街116號前0.0公尺附近,死亡1;受傷0,自用-小客車,121.302046,25.016040,1619544480
"2021-04-28 20:30:00","臺中市烏日區榮泉里中山路三段 / 臺中市烏日區榮泉里榮和路",死亡1;受傷1,普通重型-機車;電動自行車-慢車;自用-小貨車(含客、貨兩用),120.597998,24.111375,1619613000
"2021-04-29 00:55:40","嘉義市東區國道3號 295公里800.0公尺處南側向內側",死亡1;受傷1,自用-小客車;自用-小客車;自用-小客車;自用-小客車,120.494951,23.490193,1619628940
"2021-04-29 02:43:48",臺南市下營區大吉里南57線0.8公里處,死亡1;受傷1,自用-小客車;乘客-人,120.268580,23.229291,1619635428
"2021-04-29 05:43:00","臺中市大甲區義和里經國路 / 臺中市大甲區義和里文曲路",死亡1;受傷0,自用-小客車;普通重型-機車,120.617771,24.340803,1619646180
"2021-04-29 06:35:00",新北市五股區新北市五股區疏洪北路與成洲八路,死亡1;受傷0,營業用-曳引車;普通重型-機車,121.450777,25.074792,1619649300
"2021-04-29 10:30:00","臺東縣太麻里鄉台9線 393公里500.0公尺處南側向中外",死亡1;受傷2,自用-小客車;公營公車-大客車;乘客-人,120.984759,22.572182,1619663400
"2021-04-29 18:19:00","彰化縣永靖鄉永興村永興路1段 / 彰化縣永靖鄉永興村永興路1段",死亡1;受傷1,普通重型-機車;普通重型-機車,120.568185,23.925185,1619691540
"2021-04-29 20:51:00","臺南市北門區永隆里省道臺17線口 / 臺南市北門區永隆里臺84下東西平面道路口",死亡1;受傷2,自用-小客車;普通重型-機車;乘客-人,120.129744,23.278386,1619700660
"2021-04-30 07:02:00",臺中市清水區鰲峰里中航路三段1號前0.0公尺,死亡1;受傷0,民營客運-大客車;行人-人,120.582748,24.266095,1619737320
"2021-04-30 22:53:00","桃園市平鎮區金陵路7段口 / 桃園市平鎮區石門大圳便道口",死亡2;受傷0,普通重型-機車;計程車-小客車;乘客-人,121.232474,24.903581,1619794380
"2021-05-01 11:15:22",新竹縣橫山鄉中豐路二段與仁愛街口,死亡1;受傷0,大型重型1(550C.C.以上)-機車,121.144077,24.716594,1619838922
"2021-05-02 05:07:31","新北市新店區國道3號 31公里北側向路肩",死亡1;受傷0,自用-小客車,121.525159,24.968556,1619903251
